-- phpMyAdmin SQL Dump
-- version 5.1.1
-- https://www.phpmyadmin.net/
--
-- Host: 127.0.0.1
-- Generation Time: Apr 26, 2022 at 12:15 PM
-- Server version: 10.4.21-MariaDB
-- PHP Version: 8.0.12

SET SQL_MODE = "NO_AUTO_VALUE_ON_ZERO";
START TRANSACTION;
SET time_zone = "+00:00";


/*!40101 SET @OLD_CHARACTER_SET_CLIENT=@@CHARACTER_SET_CLIENT */;
/*!40101 SET @OLD_CHARACTER_SET_RESULTS=@@CHARACTER_SET_RESULTS */;
/*!40101 SET @OLD_COLLATION_CONNECTION=@@COLLATION_CONNECTION */;
/*!40101 SET NAMES utf8mb4 */;

--
-- Database: `meal_times`
--

-- --------------------------------------------------------

--
-- Table structure for table `order`
--

CREATE TABLE `order` (
  `order_id` int(11) NOT NULL,
  `user_id` int(11) NOT NULL,
  `store_id` int(11) DEFAULT NULL,
  `total` double DEFAULT NULL,
  `createAt` timestamp NULL DEFAULT current_timestamp() ON UPDATE current_timestamp(),
  `order_status` tinyint(1) NOT NULL DEFAULT 0 COMMENT '0 = in \r\nCart, 1 = pending, 2 = accepted, 3 = ready to pick up, 4 = close'
) ENGINE=InnoDB DEFAULT CHARSET=utf8mb4;

--
-- Dumping data for table `order`
--

INSERT INTO `order` (`order_id`, `user_id`, `store_id`, `total`, `createAt`, `order_status`) VALUES
(1, 8, 3, NULL, '2022-03-20 15:06:00', 0),
(2, 8, 1, NULL, '2022-03-20 16:46:45', 0),
(3, 8, 1, NULL, '2022-03-20 16:48:55', 0),
(4, 15, 4, NULL, '2022-03-22 04:03:17', 0),
(5, 3, 1, NULL, '2022-03-21 02:52:17', 0),
(6, 12, 1, NULL, '2022-04-25 07:56:19', 4),
(7, 10, NULL, NULL, '2022-03-21 03:37:45', 0),
(8, 15, NULL, NULL, '2022-03-21 03:38:00', 0),
(9, 15, NULL, NULL, '2022-03-21 04:39:12', 0),
(10, 15, NULL, NULL, '2022-03-22 01:11:17', 0),
(11, 15, NULL, NULL, '2022-03-22 03:59:12', 0),
(12, 12, 3, 30.652335, '2022-04-18 17:25:39', 1),
(13, 12, NULL, NULL, '2022-04-18 14:02:42', 0),
(14, 7, NULL, NULL, '2022-04-25 03:15:55', 0),
(15, 5, 6, NULL, '2022-04-26 06:40:11', 0),
(16, 7, NULL, NULL, '2022-04-25 06:30:15', 0),
(17, 5, NULL, NULL, '2022-04-25 06:54:54', 0),
(18, 7, NULL, NULL, '2022-04-25 07:32:20', 0),
(19, 5, NULL, NULL, '2022-04-25 08:20:43', 0),
(20, 5, NULL, NULL, '2022-04-25 08:22:31', 0),
(21, 5, NULL, NULL, '2022-04-25 08:31:01', 0),
(22, 7, NULL, NULL, '2022-04-25 08:36:06', 0),
(23, 7, NULL, NULL, '2022-04-25 08:41:00', 0),
(24, 5, NULL, NULL, '2022-04-25 13:45:54', 0),
(29, 5, NULL, NULL, '2022-04-25 17:50:49', 0),
(33, 5, NULL, NULL, '2022-04-25 18:40:43', 0),
(34, 5, NULL, NULL, '2022-04-25 19:00:12', 0),
(35, 5, NULL, NULL, '2022-04-25 19:01:32', 0),
(36, 6, 1, 8.04825, '2022-04-26 07:06:17', 2),
(37, 20, NULL, NULL, '2022-04-26 02:09:12', 0),
(38, 7, NULL, NULL, '2022-04-26 02:32:20', 0),
(39, 21, 1, 3.44925, '2022-04-26 10:14:56', 0),
(40, 21, 1, NULL, '2022-04-26 06:02:20', 0),
(41, 7, NULL, NULL, '2022-04-26 02:47:36', 0),
(42, 5, NULL, NULL, '2022-04-26 02:47:36', 0),
(43, 5, NULL, NULL, '2022-04-26 02:47:36', 0),
(44, 7, NULL, NULL, '2022-04-26 02:47:36', 0),
(45, 5, NULL, NULL, '2022-04-26 02:47:36', 0),
(46, 7, NULL, NULL, '2022-04-26 02:50:13', 0),
(47, 5, NULL, NULL, '2022-04-26 02:50:13', 0),
(48, 5, NULL, NULL, '2022-04-26 02:50:13', 0),
(49, 7, NULL, NULL, '2022-04-26 02:50:14', 0),
(50, 5, NULL, NULL, '2022-04-26 02:50:14', 0),
(51, 7, NULL, NULL, '2022-04-26 02:56:05', 0),
(52, 5, NULL, NULL, '2022-04-26 02:56:05', 0),
(53, 5, NULL, NULL, '2022-04-26 02:56:05', 0),
(54, 7, NULL, NULL, '2022-04-26 02:56:05', 0),
(55, 5, NULL, NULL, '2022-04-26 02:56:05', 0),
(56, 7, NULL, NULL, '2022-04-26 03:00:12', 0),
(57, 23, NULL, NULL, '2022-04-26 03:02:20', 0),
(58, 23, NULL, NULL, '2022-04-26 03:08:02', 0),
(59, 23, NULL, NULL, '2022-04-26 03:11:36', 0),
(60, 23, NULL, NULL, '2022-04-26 03:13:07', 0),
(61, 7, NULL, NULL, '2022-04-26 03:14:07', 0),
(62, 5, NULL, NULL, '2022-04-26 03:14:07', 0),
(63, 5, NULL, NULL, '2022-04-26 03:14:07', 0),
(64, 7, NULL, NULL, '2022-04-26 03:14:07', 0),
(65, 5, NULL, NULL, '2022-04-26 03:14:07', 0),
(66, 7, NULL, NULL, '2022-04-26 03:16:11', 0),
(67, 5, NULL, NULL, '2022-04-26 03:16:11', 0),
(68, 5, NULL, NULL, '2022-04-26 03:16:12', 0),
(69, 7, NULL, NULL, '2022-04-26 03:16:12', 0),
(70, 5, NULL, NULL, '2022-04-26 03:16:12', 0),
(71, 7, NULL, NULL, '2022-04-26 03:16:43', 0),
(72, 5, NULL, NULL, '2022-04-26 03:16:43', 0),
(73, 5, NULL, NULL, '2022-04-26 03:16:43', 0),
(74, 7, NULL, NULL, '2022-04-26 03:16:43', 0),
(75, 5, NULL, NULL, '2022-04-26 03:16:44', 0),
(76, 21, NULL, NULL, '2022-04-26 03:18:48', 0),
(77, 23, NULL, NULL, '2022-04-26 03:19:05', 0),
(78, 23, NULL, NULL, '2022-04-26 03:37:49', 0),
(79, 5, NULL, NULL, '2022-04-26 03:37:49', 0),
(80, 5, NULL, NULL, '2022-04-26 03:37:49', 0),
(81, 7, NULL, NULL, '2022-04-26 03:37:49', 0),
(82, 5, NULL, NULL, '2022-04-26 03:37:50', 0),
(83, 23, NULL, NULL, '2022-04-26 03:38:31', 0),
(84, 5, NULL, NULL, '2022-04-26 03:38:31', 0),
(85, 5, NULL, NULL, '2022-04-26 03:38:31', 0),
(86, 7, NULL, NULL, '2022-04-26 03:38:32', 0),
(87, 5, NULL, NULL, '2022-04-26 03:38:32', 0),
(88, 23, NULL, NULL, '2022-04-26 03:43:01', 0),
(89, 5, NULL, NULL, '2022-04-26 03:43:01', 0),
(90, 5, NULL, NULL, '2022-04-26 03:43:02', 0),
(91, 7, NULL, NULL, '2022-04-26 03:43:02', 0),
(92, 5, NULL, NULL, '2022-04-26 03:43:02', 0),
(93, 23, NULL, NULL, '2022-04-26 03:44:11', 0),
(94, 5, NULL, NULL, '2022-04-26 03:44:11', 0),
(95, 5, NULL, NULL, '2022-04-26 03:44:11', 0),
(96, 7, NULL, NULL, '2022-04-26 03:44:12', 0),
(97, 21, NULL, NULL, '2022-04-26 03:44:12', 0),
(98, 23, NULL, NULL, '2022-04-26 03:45:14', 0),
(99, 5, NULL, NULL, '2022-04-26 03:45:14', 0),
(100, 5, NULL, NULL, '2022-04-26 03:45:14', 0),
(101, 7, NULL, NULL, '2022-04-26 03:45:14', 0),
(102, 21, NULL, NULL, '2022-04-26 03:45:14', 0),
(103, 21, NULL, NULL, '2022-04-26 03:57:53', 0),
(104, 23, NULL, NULL, '2022-04-26 04:08:01', 0),
(105, 5, NULL, NULL, '2022-04-26 04:08:01', 0),
(106, 21, NULL, NULL, '2022-04-26 04:08:01', 0),
(107, 7, NULL, NULL, '2022-04-26 04:08:01', 0),
(108, 21, NULL, NULL, '2022-04-26 04:08:02', 0),
(109, 21, NULL, NULL, '2022-04-26 04:19:16', 0),
(110, 5, NULL, NULL, '2022-04-26 04:26:54', 0),
(111, 21, NULL, NULL, '2022-04-26 04:27:45', 0),
(112, 23, NULL, NULL, '2022-04-26 04:28:06', 0),
(113, 5, NULL, NULL, '2022-04-26 04:28:06', 0),
(114, 21, NULL, NULL, '2022-04-26 04:28:06', 0),
(115, 7, NULL, NULL, '2022-04-26 04:28:06', 0),
(116, 21, NULL, NULL, '2022-04-26 04:28:07', 0),
(117, 23, NULL, NULL, '2022-04-26 04:30:00', 0),
(118, 23, NULL, NULL, '2022-04-26 04:32:17', 0),
(119, 23, NULL, NULL, '2022-04-26 04:34:38', 0),
(120, 24, NULL, NULL, '2022-04-26 04:37:51', 0),
(121, 23, NULL, NULL, '2022-04-26 04:38:58', 0),
(122, 24, NULL, NULL, '2022-04-26 04:38:58', 0),
(123, 21, NULL, NULL, '2022-04-26 04:38:58', 0),
(124, 7, NULL, NULL, '2022-04-26 04:38:58', 0),
(125, 21, NULL, NULL, '2022-04-26 04:38:59', 0),
(126, 23, NULL, NULL, '2022-04-26 04:41:04', 0),
(127, 5, NULL, NULL, '2022-04-26 04:45:17', 0),
(128, 23, NULL, NULL, '2022-04-26 04:45:54', 0),
(129, 23, NULL, NULL, '2022-04-26 04:51:00', 0),
(130, 23, NULL, NULL, '2022-04-26 04:51:42', 0),
(131, 23, NULL, NULL, '2022-04-26 04:52:32', 0),
(132, 21, NULL, NULL, '2022-04-26 04:53:33', 0),
(133, 23, NULL, NULL, '2022-04-26 04:54:01', 0),
(134, 24, NULL, NULL, '2022-04-26 04:54:01', 0),
(135, 21, NULL, NULL, '2022-04-26 04:54:01', 0),
(136, 7, NULL, NULL, '2022-04-26 04:54:01', 0),
(137, 21, NULL, NULL, '2022-04-26 04:54:01', 0),
(138, 21, NULL, NULL, '2022-04-26 05:14:18', 0),
(139, 23, NULL, NULL, '2022-04-26 05:14:18', 0),
(140, 24, NULL, NULL, '2022-04-26 05:14:18', 0),
(141, 21, NULL, NULL, '2022-04-26 05:14:19', 0),
(142, 7, NULL, NULL, '2022-04-26 05:14:19', 0),
(143, 21, NULL, NULL, '2022-04-26 05:14:19', 0),
(144, 21, NULL, NULL, '2022-04-26 05:15:34', 0),
(145, 23, NULL, NULL, '2022-04-26 05:15:34', 0),
(146, 24, NULL, NULL, '2022-04-26 05:15:34', 0),
(147, 21, NULL, NULL, '2022-04-26 05:15:34', 0),
(148, 7, NULL, NULL, '2022-04-26 05:15:34', 0),
(149, 21, NULL, NULL, '2022-04-26 05:15:34', 0),
(150, 21, NULL, NULL, '2022-04-26 05:19:27', 0),
(151, 23, NULL, NULL, '2022-04-26 05:19:27', 0),
(152, 24, NULL, NULL, '2022-04-26 05:19:27', 0),
(153, 21, NULL, NULL, '2022-04-26 05:19:28', 0),
(154, 7, NULL, NULL, '2022-04-26 05:19:28', 0),
(155, 21, NULL, NULL, '2022-04-26 05:19:28', 0),
(156, 23, NULL, NULL, '2022-04-26 05:32:36', 0),
(157, 24, NULL, NULL, '2022-04-26 05:32:37', 0),
(158, 21, NULL, NULL, '2022-04-26 05:32:37', 0),
(159, 7, NULL, NULL, '2022-04-26 05:32:37', 0),
(160, 21, NULL, NULL, '2022-04-26 05:32:37', 0),
(161, 21, NULL, NULL, '2022-04-26 05:33:22', 0),
(162, 23, NULL, NULL, '2022-04-26 05:33:22', 0),
(163, 24, NULL, NULL, '2022-04-26 05:33:22', 0),
(164, 21, NULL, NULL, '2022-04-26 05:33:23', 0),
(165, 7, NULL, NULL, '2022-04-26 05:33:23', 0),
(166, 21, NULL, NULL, '2022-04-26 05:33:23', 0),
(167, 21, NULL, NULL, '2022-04-26 05:33:48', 0),
(168, 23, NULL, NULL, '2022-04-26 05:33:48', 0),
(169, 24, NULL, NULL, '2022-04-26 05:33:49', 0),
(170, 21, NULL, NULL, '2022-04-26 05:33:49', 0),
(171, 7, NULL, NULL, '2022-04-26 05:33:49', 0),
(172, 21, NULL, NULL, '2022-04-26 05:33:49', 0),
(173, 23, NULL, NULL, '2022-04-26 05:41:24', 0),
(174, 24, NULL, NULL, '2022-04-26 05:41:24', 0),
(175, 21, NULL, NULL, '2022-04-26 05:41:24', 0),
(176, 7, NULL, NULL, '2022-04-26 05:41:24', 0),
(177, 21, NULL, NULL, '2022-04-26 05:41:24', 0),
(178, 21, NULL, NULL, '2022-04-26 05:45:19', 0),
(179, 23, NULL, NULL, '2022-04-26 05:45:19', 0),
(180, 24, NULL, NULL, '2022-04-26 05:45:19', 0),
(181, 21, NULL, NULL, '2022-04-26 05:45:20', 0),
(182, 7, NULL, NULL, '2022-04-26 05:45:20', 0),
(183, 21, NULL, NULL, '2022-04-26 05:45:20', 0),
(184, 6, 6, 17.24625, '2022-04-26 07:41:50', 4),
(185, 6, 6, 17.24625, '2022-04-26 07:41:59', 4),
(186, 6, 6, 17.24625, '2022-04-26 07:42:03', 4),
(187, 6, 6, 17.24625, '2022-04-26 07:42:05', 4),
(188, 21, NULL, NULL, '2022-04-26 05:55:10', 0),
(189, 23, NULL, NULL, '2022-04-26 05:55:10', 0),
(190, 24, NULL, NULL, '2022-04-26 05:55:11', 0),
(191, 21, NULL, NULL, '2022-04-26 05:55:11', 0),
(192, 7, NULL, NULL, '2022-04-26 05:55:11', 0),
(193, 21, NULL, NULL, '2022-04-26 05:55:11', 0),
(194, 6, 6, 17.24625, '2022-04-26 07:45:19', 4),
(195, 21, NULL, NULL, '2022-04-26 06:01:22', 0),
(196, 21, NULL, NULL, '2022-04-26 06:02:00', 0),
(197, 6, 6, 17.24625, '2022-04-26 07:47:46', 4),
(198, 21, NULL, NULL, '2022-04-26 06:02:20', 0),
(199, 23, NULL, NULL, '2022-04-26 06:02:20', 0),
(200, 24, NULL, NULL, '2022-04-26 06:02:21', 0),
(201, 21, NULL, NULL, '2022-04-26 06:02:21', 0),
(202, 7, NULL, NULL, '2022-04-26 06:02:21', 0),
(203, 21, NULL, NULL, '2022-04-26 06:02:21', 0),
(204, 6, 6, 17.24625, '2022-04-26 07:49:26', 4),
(205, 21, NULL, NULL, '2022-04-26 06:04:27', 0),
(206, 21, NULL, NULL, '2022-04-26 06:04:28', 0),
(207, 23, NULL, NULL, '2022-04-26 06:04:28', 0),
(208, 24, NULL, NULL, '2022-04-26 06:04:28', 0),
(209, 21, NULL, NULL, '2022-04-26 06:04:28', 0),
(210, 7, NULL, NULL, '2022-04-26 06:04:28', 0),
(211, 21, NULL, NULL, '2022-04-26 06:04:28', 0),
(212, 6, 6, 17.24625, '2022-04-26 08:03:07', 4),
(213, 21, NULL, NULL, '2022-04-26 06:04:45', 0),
(214, 21, NULL, NULL, '2022-04-26 06:04:45', 0),
(215, 23, NULL, NULL, '2022-04-26 06:04:45', 0),
(216, 24, NULL, NULL, '2022-04-26 06:04:45', 0),
(217, 21, NULL, NULL, '2022-04-26 06:04:46', 0),
(218, 7, NULL, NULL, '2022-04-26 06:04:46', 0),
(219, 21, NULL, NULL, '2022-04-26 06:04:46', 0),
(220, 21, NULL, NULL, '2022-04-26 06:13:01', 0),
(221, 6, 6, 17.24625, '2022-04-26 08:29:55', 4),
(222, 21, NULL, NULL, '2022-04-26 06:13:31', 0),
(223, 21, NULL, NULL, '2022-04-26 06:13:31', 0),
(224, 21, NULL, NULL, '2022-04-26 06:13:31', 0),
(225, 23, NULL, NULL, '2022-04-26 06:13:31', 0),
(226, 24, NULL, NULL, '2022-04-26 06:13:32', 0),
(227, 21, NULL, NULL, '2022-04-26 06:13:32', 0),
(228, 7, NULL, NULL, '2022-04-26 06:13:32', 0),
(229, 21, NULL, NULL, '2022-04-26 06:13:32', 0),
(230, 21, NULL, NULL, '2022-04-26 06:21:34', 0),
(231, 6, 6, 17.24625, '2022-04-26 08:30:39', 4),
(232, 21, NULL, NULL, '2022-04-26 06:28:29', 0),
(233, 21, NULL, NULL, '2022-04-26 06:28:29', 0),
(234, 21, NULL, NULL, '2022-04-26 06:28:29', 0),
(235, 21, NULL, NULL, '2022-04-26 06:28:30', 0),
(236, 23, NULL, NULL, '2022-04-26 06:28:30', 0),
(237, 24, NULL, NULL, '2022-04-26 06:28:30', 0),
(238, 21, NULL, NULL, '2022-04-26 06:28:30', 0),
(239, 7, NULL, NULL, '2022-04-26 06:28:30', 0),
(240, 21, NULL, NULL, '2022-04-26 06:28:30', 0),
(241, 6, 6, 17.24625, '2022-04-26 08:43:49', 4),
(242, 21, NULL, NULL, '2022-04-26 06:28:39', 0),
(243, 21, NULL, NULL, '2022-04-26 06:28:39', 0),
(244, 21, NULL, NULL, '2022-04-26 06:28:39', 0),
(245, 21, NULL, NULL, '2022-04-26 06:28:39', 0),
(246, 23, NULL, NULL, '2022-04-26 06:28:40', 0),
(247, 24, NULL, NULL, '2022-04-26 06:28:40', 0),
(248, 21, NULL, NULL, '2022-04-26 06:28:40', 0),
(249, 7, NULL, NULL, '2022-04-26 06:28:40', 0),
(250, 21, NULL, NULL, '2022-04-26 06:28:40', 0),
(251, 6, 6, 17.24625, '2022-04-26 08:45:10', 4),
(252, 6, 6, 17.24625, '2022-04-26 08:47:53', 4),
(253, 21, NULL, NULL, '2022-04-26 06:33:44', 0),
(254, 21, NULL, NULL, '2022-04-26 06:33:44', 0),
(255, 21, NULL, NULL, '2022-04-26 06:33:44', 0),
(256, 21, NULL, NULL, '2022-04-26 06:33:44', 0),
(257, 6, 6, 17.24625, '2022-04-26 08:49:33', 4),
(258, 23, NULL, NULL, '2022-04-26 06:33:45', 0),
(259, 24, NULL, NULL, '2022-04-26 06:33:45', 0),
(260, 21, NULL, NULL, '2022-04-26 06:33:45', 0),
(261, 7, NULL, NULL, '2022-04-26 06:33:45', 0),
(262, 21, NULL, NULL, '2022-04-26 06:33:45', 0),
(263, 6, 6, 17.24625, '2022-04-26 08:52:39', 4),
(264, 6, 6, 17.24625, '2022-04-26 08:53:11', 4),
(265, 21, NULL, NULL, '2022-04-26 06:36:32', 0),
(266, 21, NULL, NULL, '2022-04-26 06:36:32', 0),
(267, 21, NULL, NULL, '2022-04-26 06:36:32', 0),
(268, 21, NULL, NULL, '2022-04-26 06:36:33', 0),
(269, 6, 6, 17.24625, '2022-04-26 09:00:43', 4),
(270, 23, NULL, NULL, '2022-04-26 06:36:33', 0),
(271, 24, NULL, NULL, '2022-04-26 06:36:33', 0),
(272, 21, NULL, NULL, '2022-04-26 06:36:33', 0),
(273, 7, NULL, NULL, '2022-04-26 06:36:33', 0),
(274, 21, NULL, NULL, '2022-04-26 06:36:34', 0),
(275, 23, NULL, NULL, '2022-04-26 06:38:28', 0),
(276, 5, NULL, NULL, '2022-04-26 06:38:55', 0),
(277, 5, NULL, NULL, '2022-04-26 06:39:38', 0),
(278, 23, NULL, NULL, '2022-04-26 06:57:59', 0),
(279, 7, NULL, NULL, '2022-04-26 06:58:52', 0),
(280, 6, 6, 17.24625, '2022-04-26 09:01:15', 4),
(281, 6, 6, 17.24625, '2022-04-26 09:07:14', 4),
(282, 21, NULL, NULL, '2022-04-26 07:17:08', 0),
(283, 21, NULL, NULL, '2022-04-26 07:17:09', 0),
(284, 21, NULL, NULL, '2022-04-26 07:17:09', 0),
(285, 21, NULL, NULL, '2022-04-26 07:17:09', 0),
(286, 6, 6, 3.44925, '2022-04-26 09:08:52', 4),
(287, 23, NULL, NULL, '2022-04-26 07:17:09', 0),
(288, 24, NULL, NULL, '2022-04-26 07:17:09', 0),
(289, 21, NULL, NULL, '2022-04-26 07:17:10', 0),
(290, 7, NULL, NULL, '2022-04-26 07:17:10', 0),
(291, 21, NULL, NULL, '2022-04-26 07:17:10', 0),
(292, 6, 4, 18.396, '2022-04-26 09:08:52', 1),
(293, 6, 6, 3.44925, '2022-04-26 09:12:42', 4),
(294, 21, NULL, NULL, '2022-04-26 07:18:06', 0),
(295, 21, NULL, NULL, '2022-04-26 07:18:06', 0),
(296, 21, NULL, NULL, '2022-04-26 07:18:07', 0),
(297, 21, NULL, NULL, '2022-04-26 07:18:07', 0),
(298, 6, 6, 3.44925, '2022-04-26 09:13:33', 4),
(299, 23, NULL, NULL, '2022-04-26 07:18:07', 0),
(300, 24, NULL, NULL, '2022-04-26 07:18:07', 0),
(301, 21, NULL, NULL, '2022-04-26 07:18:07', 0),
(302, 7, NULL, NULL, '2022-04-26 07:18:08', 0),
(303, 21, NULL, NULL, '2022-04-26 07:18:08', 0),
(304, 7, NULL, NULL, '2022-04-26 07:18:35', 0),
(305, 7, NULL, NULL, '2022-04-26 07:19:56', 0),
(306, 6, 6, 3.44925, '2022-04-26 09:14:22', 4),
(307, 6, 6, 3.44925, '2022-04-26 09:25:21', 4),
(308, 21, NULL, NULL, '2022-04-26 07:20:21', 0),
(309, 21, NULL, NULL, '2022-04-26 07:20:21', 0),
(310, 21, NULL, NULL, '2022-04-26 07:20:21', 0),
(311, 21, NULL, NULL, '2022-04-26 07:20:22', 0),
(312, 6, 6, 3.44925, '2022-04-26 09:27:02', 4),
(313, 23, NULL, NULL, '2022-04-26 07:20:22', 0),
(314, 24, NULL, NULL, '2022-04-26 07:20:22', 0),
(315, 21, NULL, NULL, '2022-04-26 07:20:22', 0),
(316, 7, NULL, NULL, '2022-04-26 07:20:23', 0),
(317, 21, NULL, NULL, '2022-04-26 07:20:23', 0),
(318, 23, NULL, NULL, '2022-04-26 07:22:21', 0),
(319, 6, 6, 3.44925, '2022-04-26 09:51:28', 4),
(320, 6, 6, 3.44925, '2022-04-26 09:55:14', 4),
(321, 21, NULL, NULL, '2022-04-26 07:22:58', 0),
(322, 21, NULL, NULL, '2022-04-26 07:22:58', 0),
(323, 21, NULL, NULL, '2022-04-26 07:22:58', 0),
(324, 21, NULL, NULL, '2022-04-26 07:22:58', 0),
(325, 6, 6, 17.24625, '2022-04-26 09:59:24', 4),
(326, 23, NULL, NULL, '2022-04-26 07:22:59', 0),
(327, 24, NULL, NULL, '2022-04-26 07:22:59', 0),
(328, 21, NULL, NULL, '2022-04-26 07:22:59', 0),
(329, 7, NULL, NULL, '2022-04-26 07:22:59', 0),
(330, 21, NULL, NULL, '2022-04-26 07:22:59', 0),
(331, 7, NULL, NULL, '2022-04-26 07:24:39', 0),
(332, 6, 6, 3.44925, '2022-04-26 10:02:52', 4),
(333, 6, 6, 17.24625, '2022-04-26 10:03:47', 4),
(334, 21, NULL, NULL, '2022-04-26 07:25:27', 0),
(335, 21, NULL, NULL, '2022-04-26 07:25:27', 0),
(336, 21, NULL, NULL, '2022-04-26 07:25:28', 0),
(337, 21, NULL, NULL, '2022-04-26 07:25:28', 0),
(338, 6, 6, 3.44925, '2022-04-26 10:04:12', 4),
(339, 23, NULL, NULL, '2022-04-26 07:25:28', 0),
(340, 24, NULL, NULL, '2022-04-26 07:25:28', 0),
(341, 21, NULL, NULL, '2022-04-26 07:25:29', 0),
(342, 7, NULL, NULL, '2022-04-26 07:25:29', 0),
(343, 21, NULL, NULL, '2022-04-26 07:25:29', 0),
(344, 6, 6, 3.44925, '2022-04-26 10:04:55', 4),
(345, 6, 6, 18.02808, '2022-04-26 10:05:29', 4),
(346, 21, NULL, NULL, '2022-04-26 07:26:45', 0),
(347, 21, NULL, NULL, '2022-04-26 07:26:45', 0),
(348, 21, NULL, NULL, '2022-04-26 07:26:45', 0),
(349, 21, NULL, NULL, '2022-04-26 07:26:45', 0),
(350, 6, 6, 3.44925, '2022-04-26 10:05:39', 4),
(351, 23, NULL, NULL, '2022-04-26 07:26:46', 0),
(352, 24, NULL, NULL, '2022-04-26 07:26:46', 0),
(353, 21, NULL, NULL, '2022-04-26 07:26:46', 0),
(354, 7, NULL, NULL, '2022-04-26 07:26:46', 0),
(355, 21, NULL, NULL, '2022-04-26 07:26:47', 0),
(356, 6, 6, 3.44925, '2022-04-26 10:06:55', 4),
(357, 6, 6, 3.44925, '2022-04-26 10:07:50', 4),
(358, 21, NULL, NULL, '2022-04-26 07:27:22', 0),
(359, 21, NULL, NULL, '2022-04-26 07:27:22', 0),
(360, 21, NULL, NULL, '2022-04-26 07:27:22', 0),
(361, 21, NULL, NULL, '2022-04-26 07:27:22', 0),
(362, 6, 6, 3.44925, '2022-04-26 10:08:06', 4),
(363, 23, NULL, NULL, '2022-04-26 07:27:23', 0),
(364, 24, NULL, NULL, '2022-04-26 07:27:23', 0),
(365, 21, NULL, NULL, '2022-04-26 07:27:23', 0),
(366, 7, NULL, NULL, '2022-04-26 07:27:23', 0),
(367, 21, NULL, NULL, '2022-04-26 07:27:23', 0),
(368, 6, 6, 3.44925, '2022-04-26 10:08:42', 4),
(369, 6, 6, 16.87833, '2022-04-26 10:09:59', 4),
(370, 21, NULL, NULL, '2022-04-26 07:32:45', 0),
(371, 21, NULL, NULL, '2022-04-26 07:32:46', 0),
(372, 21, NULL, NULL, '2022-04-26 07:32:46', 0),
(373, 21, NULL, NULL, '2022-04-26 07:32:46', 0),
(374, 6, 6, 3.44925, '2022-04-26 10:10:08', 4),
(375, 23, NULL, NULL, '2022-04-26 07:32:46', 0),
(376, 24, NULL, NULL, '2022-04-26 07:32:46', 0),
(377, 21, NULL, NULL, '2022-04-26 07:32:47', 0),
(378, 7, NULL, NULL, '2022-04-26 07:32:47', 0),
(379, 21, NULL, NULL, '2022-04-26 07:32:47', 0),
(380, 23, NULL, NULL, '2022-04-26 07:33:08', 0),
(381, 23, NULL, NULL, '2022-04-26 07:33:24', 0),
(382, 6, 6, 3.44925, '2022-04-26 10:10:16', 4),
(383, 6, 6, 3.44925, '2022-04-26 10:10:25', 4),
(384, 21, NULL, NULL, '2022-04-26 07:34:40', 0),
(385, 21, NULL, NULL, '2022-04-26 07:34:40', 0),
(386, 21, NULL, NULL, '2022-04-26 07:34:41', 0),
(387, 21, NULL, NULL, '2022-04-26 07:34:41', 0),
(388, 6, 6, 3.44925, '2022-04-26 10:10:54', 4),
(389, 23, NULL, NULL, '2022-04-26 07:34:41', 0),
(390, 6, 6, 3.44925, '2022-04-26 10:11:41', 4),
(391, 6, 6, 16.87833, '2022-04-26 10:12:49', 4),
(392, 24, NULL, NULL, '2022-04-26 07:34:42', 0),
(393, 21, NULL, NULL, '2022-04-26 07:34:42', 0),
(394, 7, NULL, NULL, '2022-04-26 07:34:42', 0),
(395, 21, NULL, NULL, '2022-04-26 07:34:42', 0),
(396, 6, 6, 16.87833, '2022-04-26 10:13:52', 4),
(397, 6, 6, 3.44925, '2022-04-26 10:14:40', 4),
(398, 21, NULL, NULL, '2022-04-26 07:35:57', 0),
(399, 21, NULL, NULL, '2022-04-26 07:35:57', 0),
(400, 21, NULL, NULL, '2022-04-26 07:35:57', 0),
(401, 21, NULL, NULL, '2022-04-26 07:35:58', 0),
(402, 6, 6, 16.87833, '2022-04-26 10:14:57', 4),
(403, 23, NULL, NULL, '2022-04-26 07:35:58', 0),
(404, 6, 6, 3.44925, '2022-04-26 10:14:57', 2),
(405, 6, NULL, NULL, '2022-04-26 07:35:58', 0),
(406, 24, NULL, NULL, '2022-04-26 07:35:58', 0),
(407, 21, NULL, NULL, '2022-04-26 07:35:59', 0),
(408, 7, NULL, NULL, '2022-04-26 07:35:59', 0),
(409, 21, NULL, NULL, '2022-04-26 07:35:59', 0),
(410, 6, NULL, NULL, '2022-04-26 07:37:33', 0),
(411, 6, NULL, NULL, '2022-04-26 07:37:34', 0),
(412, 21, NULL, NULL, '2022-04-26 07:37:34', 0),
(413, 21, NULL, NULL, '2022-04-26 07:37:34', 0),
(414, 21, NULL, NULL, '2022-04-26 07:37:34', 0),
(415, 21, NULL, NULL, '2022-04-26 07:37:34', 0),
(416, 6, NULL, NULL, '2022-04-26 07:37:34', 0),
(417, 23, NULL, NULL, '2022-04-26 07:37:35', 0),
(418, 6, NULL, NULL, '2022-04-26 07:37:35', 0),
(419, 6, NULL, NULL, '2022-04-26 07:37:35', 0),
(420, 23, NULL, NULL, '2022-04-26 07:37:35', 0),
(421, 24, NULL, NULL, '2022-04-26 07:37:35', 0),
(422, 21, NULL, NULL, '2022-04-26 07:37:35', 0),
(423, 7, NULL, NULL, '2022-04-26 07:37:35', 0),
(424, 21, NULL, NULL, '2022-04-26 07:37:36', 0),
(425, 6, NULL, NULL, '2022-04-26 07:39:47', 0),
(426, 6, NULL, NULL, '2022-04-26 07:39:47', 0),
(427, 21, NULL, NULL, '2022-04-26 07:39:47', 0),
(428, 21, NULL, NULL, '2022-04-26 07:39:47', 0),
(429, 21, NULL, NULL, '2022-04-26 07:39:48', 0),
(430, 21, NULL, NULL, '2022-04-26 07:39:48', 0),
(431, 6, NULL, NULL, '2022-04-26 07:39:48', 0),
(432, 23, NULL, NULL, '2022-04-26 07:39:48', 0),
(433, 6, NULL, NULL, '2022-04-26 07:39:48', 0),
(434, 6, NULL, NULL, '2022-04-26 07:39:48', 0),
(435, 23, NULL, NULL, '2022-04-26 07:39:49', 0),
(436, 24, NULL, NULL, '2022-04-26 07:39:49', 0),
(437, 21, NULL, NULL, '2022-04-26 07:39:49', 0),
(438, 7, NULL, NULL, '2022-04-26 07:39:49', 0),
(439, 21, NULL, NULL, '2022-04-26 07:39:49', 0),
(440, 6, NULL, NULL, '2022-04-26 07:44:39', 0),
(441, 6, NULL, NULL, '2022-04-26 07:44:39', 0),
(442, 21, NULL, NULL, '2022-04-26 07:44:39', 0),
(443, 21, NULL, NULL, '2022-04-26 07:44:39', 0),
(444, 21, NULL, NULL, '2022-04-26 07:44:40', 0),
(445, 21, NULL, NULL, '2022-04-26 07:44:40', 0),
(446, 6, NULL, NULL, '2022-04-26 07:44:40', 0),
(447, 23, NULL, NULL, '2022-04-26 07:44:40', 0),
(448, 6, NULL, NULL, '2022-04-26 07:44:40', 0),
(449, 6, NULL, NULL, '2022-04-26 07:44:40', 0),
(450, 23, NULL, NULL, '2022-04-26 07:44:40', 0),
(451, 24, NULL, NULL, '2022-04-26 07:44:41', 0),
(452, 21, NULL, NULL, '2022-04-26 07:44:41', 0),
(453, 7, NULL, NULL, '2022-04-26 07:44:41', 0),
(454, 21, NULL, NULL, '2022-04-26 07:44:41', 0),
(455, 6, NULL, NULL, '2022-04-26 07:46:39', 0),
(456, 6, NULL, NULL, '2022-04-26 07:46:39', 0),
(457, 21, NULL, NULL, '2022-04-26 07:46:39', 0),
(458, 21, NULL, NULL, '2022-04-26 07:46:39', 0),
(459, 21, NULL, NULL, '2022-04-26 07:46:39', 0),
(460, 21, NULL, NULL, '2022-04-26 07:46:39', 0),
(461, 6, NULL, NULL, '2022-04-26 07:46:39', 0),
(462, 23, NULL, NULL, '2022-04-26 07:46:40', 0),
(463, 6, NULL, NULL, '2022-04-26 07:46:40', 0),
(464, 6, NULL, NULL, '2022-04-26 07:46:40', 0),
(465, 23, NULL, NULL, '2022-04-26 07:46:40', 0),
(466, 24, NULL, NULL, '2022-04-26 07:46:40', 0),
(467, 21, NULL, NULL, '2022-04-26 07:46:40', 0),
(468, 7, NULL, NULL, '2022-04-26 07:46:41', 0),
(469, 21, NULL, NULL, '2022-04-26 07:46:41', 0),
(470, 6, NULL, NULL, '2022-04-26 07:49:18', 0),
(471, 6, NULL, NULL, '2022-04-26 07:49:18', 0),
(472, 21, NULL, NULL, '2022-04-26 07:49:18', 0),
(473, 21, NULL, NULL, '2022-04-26 07:49:18', 0),
(474, 21, NULL, NULL, '2022-04-26 07:49:18', 0),
(475, 21, NULL, NULL, '2022-04-26 07:49:19', 0),
(476, 6, NULL, NULL, '2022-04-26 07:49:19', 0),
(477, 23, NULL, NULL, '2022-04-26 07:49:19', 0),
(478, 6, NULL, NULL, '2022-04-26 07:49:19', 0),
(479, 6, NULL, NULL, '2022-04-26 07:49:19', 0),
(480, 23, NULL, NULL, '2022-04-26 07:49:19', 0),
(481, 24, NULL, NULL, '2022-04-26 07:49:19', 0),
(482, 21, NULL, NULL, '2022-04-26 07:49:20', 0),
(483, 7, NULL, NULL, '2022-04-26 07:49:20', 0),
(484, 21, NULL, NULL, '2022-04-26 07:49:20', 0),
(485, 6, NULL, NULL, '2022-04-26 08:00:50', 0),
(486, 6, NULL, NULL, '2022-04-26 08:00:50', 0),
(487, 21, NULL, NULL, '2022-04-26 08:00:50', 0),
(488, 21, NULL, NULL, '2022-04-26 08:00:51', 0),
(489, 21, NULL, NULL, '2022-04-26 08:00:51', 0),
(490, 21, NULL, NULL, '2022-04-26 08:00:51', 0),
(491, 6, NULL, NULL, '2022-04-26 08:00:51', 0),
(492, 23, NULL, NULL, '2022-04-26 08:00:51', 0),
(493, 6, NULL, NULL, '2022-04-26 08:00:51', 0),
(494, 6, NULL, NULL, '2022-04-26 08:00:51', 0),
(495, 23, NULL, NULL, '2022-04-26 08:00:52', 0),
(496, 24, NULL, NULL, '2022-04-26 08:00:52', 0),
(497, 21, NULL, NULL, '2022-04-26 08:00:52', 0),
(498, 7, NULL, NULL, '2022-04-26 08:00:52', 0),
(499, 21, NULL, NULL, '2022-04-26 08:00:52', 0),
(500, 6, NULL, NULL, '2022-04-26 08:03:06', 0),
(501, 6, NULL, NULL, '2022-04-26 08:03:06', 0),
(502, 21, NULL, NULL, '2022-04-26 08:03:06', 0),
(503, 21, NULL, NULL, '2022-04-26 08:03:06', 0),
(504, 21, NULL, NULL, '2022-04-26 08:03:06', 0),
(505, 21, NULL, NULL, '2022-04-26 08:03:07', 0),
(506, 6, NULL, NULL, '2022-04-26 08:03:07', 0),
(507, 23, NULL, NULL, '2022-04-26 08:03:07', 0),
(508, 23, NULL, NULL, '2022-04-26 08:03:07', 0),
(509, 6, NULL, NULL, '2022-04-26 08:03:07', 0),
(510, 6, NULL, NULL, '2022-04-26 08:03:08', 0),
(511, 23, NULL, NULL, '2022-04-26 08:03:08', 0),
(512, 24, NULL, NULL, '2022-04-26 08:03:08', 0),
(513, 21, NULL, NULL, '2022-04-26 08:03:08', 0),
(514, 7, NULL, NULL, '2022-04-26 08:03:08', 0),
(515, 21, NULL, NULL, '2022-04-26 08:03:08', 0),
(516, 24, NULL, NULL, '2022-04-26 08:18:21', 0),
(517, 24, NULL, NULL, '2022-04-26 08:19:07', 0),
(518, 7, NULL, NULL, '2022-04-26 08:19:53', 0),
(519, 23, NULL, NULL, '2022-04-26 08:20:04', 0),
(520, 24, NULL, NULL, '2022-04-26 08:20:49', 0),
(521, 6, NULL, NULL, '2022-04-26 08:29:54', 0),
(522, 6, NULL, NULL, '2022-04-26 08:29:54', 0),
(523, 21, NULL, NULL, '2022-04-26 08:29:54', 0),
(524, 21, NULL, NULL, '2022-04-26 08:29:54', 0),
(525, 21, NULL, NULL, '2022-04-26 08:29:54', 0),
(526, 21, NULL, NULL, '2022-04-26 08:29:54', 0),
(527, 6, NULL, NULL, '2022-04-26 08:29:55', 0),
(528, 23, NULL, NULL, '2022-04-26 08:29:55', 0),
(529, 23, NULL, NULL, '2022-04-26 08:29:55', 0),
(530, 6, NULL, NULL, '2022-04-26 08:29:55', 0),
(531, 6, NULL, NULL, '2022-04-26 08:29:55', 0),
(532, 23, NULL, NULL, '2022-04-26 08:29:55', 0),
(533, 24, NULL, NULL, '2022-04-26 08:29:55', 0),
(534, 24, NULL, NULL, '2022-04-26 08:29:56', 0),
(535, 21, NULL, NULL, '2022-04-26 08:29:56', 0),
(536, 7, NULL, NULL, '2022-04-26 08:29:56', 0),
(537, 21, NULL, NULL, '2022-04-26 08:29:56', 0),
(538, 6, NULL, NULL, '2022-04-26 08:30:38', 0),
(539, 6, NULL, NULL, '2022-04-26 08:30:38', 0),
(540, 21, NULL, NULL, '2022-04-26 08:30:38', 0),
(541, 21, NULL, NULL, '2022-04-26 08:30:38', 0),
(542, 21, NULL, NULL, '2022-04-26 08:30:39', 0),
(543, 21, NULL, NULL, '2022-04-26 08:30:39', 0),
(544, 6, NULL, NULL, '2022-04-26 08:30:39', 0),
(545, 23, NULL, NULL, '2022-04-26 08:30:39', 0),
(546, 23, NULL, NULL, '2022-04-26 08:30:39', 0),
(547, 6, NULL, NULL, '2022-04-26 08:30:40', 0),
(548, 6, NULL, NULL, '2022-04-26 08:30:40', 0),
(549, 23, NULL, NULL, '2022-04-26 08:30:40', 0),
(550, 24, NULL, NULL, '2022-04-26 08:30:40', 0),
(551, 24, NULL, NULL, '2022-04-26 08:30:40', 0),
(552, 21, NULL, NULL, '2022-04-26 08:30:40', 0),
(553, 7, NULL, NULL, '2022-04-26 08:30:40', 0),
(554, 21, NULL, NULL, '2022-04-26 08:30:41', 0),
(555, 24, NULL, NULL, '2022-04-26 08:38:17', 0),
(556, 6, NULL, NULL, '2022-04-26 08:43:48', 0),
(557, 6, NULL, NULL, '2022-04-26 08:43:48', 0),
(558, 21, NULL, NULL, '2022-04-26 08:43:48', 0),
(559, 21, NULL, NULL, '2022-04-26 08:43:48', 0),
(560, 21, NULL, NULL, '2022-04-26 08:43:48', 0),
(561, 21, NULL, NULL, '2022-04-26 08:43:48', 0),
(562, 6, NULL, NULL, '2022-04-26 08:43:49', 0),
(563, 23, NULL, NULL, '2022-04-26 08:43:49', 0),
(564, 23, NULL, NULL, '2022-04-26 08:43:49', 0),
(565, 6, NULL, NULL, '2022-04-26 08:43:49', 0),
(566, 6, NULL, NULL, '2022-04-26 08:43:49', 0),
(567, 23, NULL, NULL, '2022-04-26 08:43:49', 0),
(568, 24, NULL, NULL, '2022-04-26 08:43:50', 0),
(569, 24, NULL, NULL, '2022-04-26 08:43:50', 0),
(570, 21, NULL, NULL, '2022-04-26 08:43:50', 0),
(571, 7, NULL, NULL, '2022-04-26 08:43:50', 0),
(572, 21, NULL, NULL, '2022-04-26 08:43:50', 0),
(573, 24, NULL, NULL, '2022-04-26 08:44:09', 0),
(574, 6, NULL, NULL, '2022-04-26 08:45:08', 0),
(575, 6, NULL, NULL, '2022-04-26 08:45:08', 0),
(576, 21, NULL, NULL, '2022-04-26 08:45:09', 0),
(577, 21, NULL, NULL, '2022-04-26 08:45:09', 0),
(578, 21, NULL, NULL, '2022-04-26 08:45:09', 0),
(579, 21, NULL, NULL, '2022-04-26 08:45:09', 0),
(580, 6, NULL, NULL, '2022-04-26 08:45:09', 0),
(581, 23, NULL, NULL, '2022-04-26 08:45:09', 0),
(582, 23, NULL, NULL, '2022-04-26 08:45:10', 0),
(583, 6, NULL, NULL, '2022-04-26 08:45:10', 0),
(584, 6, NULL, NULL, '2022-04-26 08:45:10', 0),
(585, 23, NULL, NULL, '2022-04-26 08:45:10', 0),
(586, 24, NULL, NULL, '2022-04-26 08:45:10', 0),
(587, 24, NULL, NULL, '2022-04-26 08:45:10', 0),
(588, 21, NULL, NULL, '2022-04-26 08:45:11', 0),
(589, 7, NULL, NULL, '2022-04-26 08:45:11', 0),
(590, 21, NULL, NULL, '2022-04-26 08:45:11', 0),
(591, 23, NULL, NULL, '2022-04-26 08:46:20', 0),
(592, 6, NULL, NULL, '2022-04-26 08:47:52', 0),
(593, 6, NULL, NULL, '2022-04-26 08:47:52', 0),
(594, 21, NULL, NULL, '2022-04-26 08:47:52', 0),
(595, 21, NULL, NULL, '2022-04-26 08:47:52', 0),
(596, 21, NULL, NULL, '2022-04-26 08:47:52', 0),
(597, 21, NULL, NULL, '2022-04-26 08:47:52', 0),
(598, 6, NULL, NULL, '2022-04-26 08:47:53', 0),
(599, 23, NULL, NULL, '2022-04-26 08:47:53', 0),
(600, 23, NULL, NULL, '2022-04-26 08:47:53', 0),
(601, 6, NULL, NULL, '2022-04-26 08:47:53', 0),
(602, 6, NULL, NULL, '2022-04-26 08:47:53', 0),
(603, 23, NULL, NULL, '2022-04-26 08:47:53', 0),
(604, 24, NULL, NULL, '2022-04-26 08:47:53', 0),
(605, 24, NULL, NULL, '2022-04-26 08:47:54', 0),
(606, 23, NULL, NULL, '2022-04-26 08:47:54', 0),
(607, 21, NULL, NULL, '2022-04-26 08:47:54', 0),
(608, 7, NULL, NULL, '2022-04-26 08:47:54', 0),
(609, 21, NULL, NULL, '2022-04-26 08:47:54', 0),
(610, 6, NULL, NULL, '2022-04-26 08:49:31', 0),
(611, 6, NULL, NULL, '2022-04-26 08:49:31', 0),
(612, 21, NULL, NULL, '2022-04-26 08:49:31', 0),
(613, 21, NULL, NULL, '2022-04-26 08:49:32', 0),
(614, 21, NULL, NULL, '2022-04-26 08:49:32', 0),
(615, 21, NULL, NULL, '2022-04-26 08:49:32', 0),
(616, 6, NULL, NULL, '2022-04-26 08:49:32', 0),
(617, 23, NULL, NULL, '2022-04-26 08:49:32', 0),
(618, 23, NULL, NULL, '2022-04-26 08:49:33', 0),
(619, 6, NULL, NULL, '2022-04-26 08:49:33', 0),
(620, 6, NULL, NULL, '2022-04-26 08:49:33', 0),
(621, 23, NULL, NULL, '2022-04-26 08:49:33', 0),
(622, 24, NULL, NULL, '2022-04-26 08:49:33', 0),
(623, 23, NULL, NULL, '2022-04-26 08:49:33', 0),
(624, 21, NULL, NULL, '2022-04-26 08:49:33', 0),
(625, 7, NULL, NULL, '2022-04-26 08:49:34', 0),
(626, 21, NULL, NULL, '2022-04-26 08:49:34', 0),
(627, 24, NULL, NULL, '2022-04-26 08:50:51', 0),
(628, 6, NULL, NULL, '2022-04-26 08:52:38', 0),
(629, 6, NULL, NULL, '2022-04-26 08:52:38', 0),
(630, 21, NULL, NULL, '2022-04-26 08:52:38', 0),
(631, 21, NULL, NULL, '2022-04-26 08:52:38', 0),
(632, 21, NULL, NULL, '2022-04-26 08:52:38', 0),
(633, 21, NULL, NULL, '2022-04-26 08:52:38', 0),
(634, 6, NULL, NULL, '2022-04-26 08:52:39', 0),
(635, 23, NULL, NULL, '2022-04-26 08:52:39', 0),
(636, 23, NULL, NULL, '2022-04-26 08:52:39', 0),
(637, 6, NULL, NULL, '2022-04-26 08:52:39', 0),
(638, 6, NULL, NULL, '2022-04-26 08:52:39', 0),
(639, 23, NULL, NULL, '2022-04-26 08:52:39', 0),
(640, 24, NULL, NULL, '2022-04-26 08:52:39', 0),
(641, 23, NULL, NULL, '2022-04-26 08:52:40', 0),
(642, 24, NULL, NULL, '2022-04-26 08:52:40', 0),
(643, 24, NULL, NULL, '2022-04-26 08:52:40', 0),
(644, 21, NULL, NULL, '2022-04-26 08:52:40', 0),
(645, 7, NULL, NULL, '2022-04-26 08:52:40', 0),
(646, 21, NULL, NULL, '2022-04-26 08:52:40', 0),
(647, 6, NULL, NULL, '2022-04-26 08:53:09', 0),
(648, 6, NULL, NULL, '2022-04-26 08:53:09', 0),
(649, 21, NULL, NULL, '2022-04-26 08:53:10', 0),
(650, 21, NULL, NULL, '2022-04-26 08:53:10', 0),
(651, 21, NULL, NULL, '2022-04-26 08:53:10', 0),
(652, 21, NULL, NULL, '2022-04-26 08:53:10', 0),
(653, 6, NULL, NULL, '2022-04-26 08:53:10', 0),
(654, 23, NULL, NULL, '2022-04-26 08:53:10', 0),
(655, 23, NULL, NULL, '2022-04-26 08:53:11', 0),
(656, 6, NULL, NULL, '2022-04-26 08:53:11', 0),
(657, 6, NULL, NULL, '2022-04-26 08:53:11', 0),
(658, 23, NULL, NULL, '2022-04-26 08:53:11', 0),
(659, 24, NULL, NULL, '2022-04-26 08:53:11', 0),
(660, 23, NULL, NULL, '2022-04-26 08:53:11', 0),
(661, 24, NULL, NULL, '2022-04-26 08:53:11', 0),
(662, 24, NULL, NULL, '2022-04-26 08:53:12', 0),
(663, 21, NULL, NULL, '2022-04-26 08:53:12', 0),
(664, 7, NULL, NULL, '2022-04-26 08:53:12', 0),
(665, 21, NULL, NULL, '2022-04-26 08:53:12', 0),
(666, 23, NULL, NULL, '2022-04-26 08:57:30', 0),
(667, 6, NULL, NULL, '2022-04-26 09:00:42', 0),
(668, 6, NULL, NULL, '2022-04-26 09:00:42', 0),
(669, 21, NULL, NULL, '2022-04-26 09:00:42', 0),
(670, 21, NULL, NULL, '2022-04-26 09:00:42', 0),
(671, 21, NULL, NULL, '2022-04-26 09:00:42', 0),
(672, 21, NULL, NULL, '2022-04-26 09:00:42', 0),
(673, 6, NULL, NULL, '2022-04-26 09:00:42', 0),
(674, 23, NULL, NULL, '2022-04-26 09:00:43', 0),
(675, 23, NULL, NULL, '2022-04-26 09:00:43', 0),
(676, 6, NULL, NULL, '2022-04-26 09:00:43', 0),
(677, 6, NULL, NULL, '2022-04-26 09:00:43', 0),
(678, 23, NULL, NULL, '2022-04-26 09:00:43', 0),
(679, 24, NULL, NULL, '2022-04-26 09:00:43', 0),
(680, 23, NULL, NULL, '2022-04-26 09:00:44', 0),
(681, 24, NULL, NULL, '2022-04-26 09:00:44', 0),
(682, 24, NULL, NULL, '2022-04-26 09:00:44', 0),
(683, 21, NULL, NULL, '2022-04-26 09:00:44', 0),
(684, 7, NULL, NULL, '2022-04-26 09:00:44', 0),
(685, 21, NULL, NULL, '2022-04-26 09:00:44', 0),
(686, 6, NULL, NULL, '2022-04-26 09:01:13', 0),
(687, 6, NULL, NULL, '2022-04-26 09:01:13', 0),
(688, 21, NULL, NULL, '2022-04-26 09:01:14', 0),
(689, 21, NULL, NULL, '2022-04-26 09:01:14', 0),
(690, 21, NULL, NULL, '2022-04-26 09:01:14', 0),
(691, 21, NULL, NULL, '2022-04-26 09:01:14', 0),
(692, 6, NULL, NULL, '2022-04-26 09:01:14', 0),
(693, 23, NULL, NULL, '2022-04-26 09:01:14', 0),
(694, 23, NULL, NULL, '2022-04-26 09:01:15', 0),
(695, 6, NULL, NULL, '2022-04-26 09:01:15', 0),
(696, 6, NULL, NULL, '2022-04-26 09:01:15', 0),
(697, 23, NULL, NULL, '2022-04-26 09:01:15', 0),
(698, 24, NULL, NULL, '2022-04-26 09:01:15', 0),
(699, 23, NULL, NULL, '2022-04-26 09:01:15', 0),
(700, 24, NULL, NULL, '2022-04-26 09:01:16', 0),
(701, 24, NULL, NULL, '2022-04-26 09:01:16', 0),
(702, 23, NULL, NULL, '2022-04-26 09:01:16', 0),
(703, 21, NULL, NULL, '2022-04-26 09:01:16', 0),
(704, 7, NULL, NULL, '2022-04-26 09:01:16', 0),
(705, 21, NULL, NULL, '2022-04-26 09:01:16', 0),
(706, 6, NULL, NULL, '2022-04-26 09:07:13', 0),
(707, 6, NULL, NULL, '2022-04-26 09:07:13', 0),
(708, 21, NULL, NULL, '2022-04-26 09:07:13', 0),
(709, 21, NULL, NULL, '2022-04-26 09:07:14', 0),
(710, 21, NULL, NULL, '2022-04-26 09:07:14', 0),
(711, 6, NULL, NULL, '2022-04-26 09:07:14', 0),
(712, 23, NULL, NULL, '2022-04-26 09:07:14', 0),
(713, 23, NULL, NULL, '2022-04-26 09:07:14', 0),
(714, 6, NULL, NULL, '2022-04-26 09:07:14', 0),
(715, 6, NULL, NULL, '2022-04-26 09:07:15', 0),
(716, 23, NULL, NULL, '2022-04-26 09:07:15', 0),
(717, 24, NULL, NULL, '2022-04-26 09:07:15', 0),
(718, 23, NULL, NULL, '2022-04-26 09:07:15', 0),
(719, 24, NULL, NULL, '2022-04-26 09:07:15', 0),
(720, 24, NULL, NULL, '2022-04-26 09:07:15', 0),
(721, 23, NULL, NULL, '2022-04-26 09:07:15', 0),
(722, 21, NULL, NULL, '2022-04-26 09:07:16', 0),
(723, 7, NULL, NULL, '2022-04-26 09:07:16', 0),
(724, 21, NULL, NULL, '2022-04-26 09:07:16', 0),
(725, 6, NULL, NULL, '2022-04-26 09:08:50', 0),
(726, 6, NULL, NULL, '2022-04-26 09:08:51', 0),
(727, 21, NULL, NULL, '2022-04-26 09:08:51', 0),
(728, 21, NULL, NULL, '2022-04-26 09:08:51', 0),
(729, 21, NULL, NULL, '2022-04-26 09:08:51', 0),
(730, 21, NULL, NULL, '2022-04-26 09:08:51', 0),
(731, 6, NULL, NULL, '2022-04-26 09:08:51', 0),
(732, 23, NULL, NULL, '2022-04-26 09:08:52', 0),
(733, 23, NULL, NULL, '2022-04-26 09:08:52', 0),
(734, 6, NULL, NULL, '2022-04-26 09:08:52', 0),
(735, 6, NULL, NULL, '2022-04-26 09:08:52', 0),
(736, 23, NULL, NULL, '2022-04-26 09:08:52', 0),
(737, 24, NULL, NULL, '2022-04-26 09:08:52', 0),
(738, 23, NULL, NULL, '2022-04-26 09:08:52', 0),
(739, 24, NULL, NULL, '2022-04-26 09:08:53', 0),
(740, 23, NULL, NULL, '2022-04-26 09:08:53', 0),
(741, 24, NULL, NULL, '2022-04-26 09:08:53', 0),
(742, 23, NULL, NULL, '2022-04-26 09:08:53', 0),
(743, 21, NULL, NULL, '2022-04-26 09:08:53', 0),
(744, 7, NULL, NULL, '2022-04-26 09:08:53', 0),
(745, 21, NULL, NULL, '2022-04-26 09:08:54', 0),
(746, 23, NULL, NULL, '2022-04-26 09:09:53', 0),
(747, 6, NULL, NULL, '2022-04-26 09:11:09', 0),
(748, 6, NULL, NULL, '2022-04-26 09:11:09', 0),
(749, 21, NULL, NULL, '2022-04-26 09:11:09', 0),
(750, 21, NULL, NULL, '2022-04-26 09:11:09', 0),
(751, 21, NULL, NULL, '2022-04-26 09:11:09', 0),
(752, 21, NULL, NULL, '2022-04-26 09:11:10', 0),
(753, 6, NULL, NULL, '2022-04-26 09:11:10', 0),
(754, 23, NULL, NULL, '2022-04-26 09:11:10', 0),
(755, 23, NULL, NULL, '2022-04-26 09:11:10', 0),
(756, 6, NULL, NULL, '2022-04-26 09:11:10', 0),
(757, 6, NULL, NULL, '2022-04-26 09:11:10', 0),
(758, 23, NULL, NULL, '2022-04-26 09:11:10', 0),
(759, 24, NULL, NULL, '2022-04-26 09:11:11', 0),
(760, 23, NULL, NULL, '2022-04-26 09:11:11', 0),
(761, 24, NULL, NULL, '2022-04-26 09:11:11', 0),
(762, 23, NULL, NULL, '2022-04-26 09:11:11', 0),
(763, 24, NULL, NULL, '2022-04-26 09:11:11', 0),
(764, 23, NULL, NULL, '2022-04-26 09:11:12', 0),
(765, 21, NULL, NULL, '2022-04-26 09:11:12', 0),
(766, 7, NULL, NULL, '2022-04-26 09:11:12', 0),
(767, 21, NULL, NULL, '2022-04-26 09:11:12', 0),
(768, 6, NULL, NULL, '2022-04-26 09:12:41', 0),
(769, 6, NULL, NULL, '2022-04-26 09:12:41', 0),
(770, 21, NULL, NULL, '2022-04-26 09:12:41', 0),
(771, 21, NULL, NULL, '2022-04-26 09:12:42', 0),
(772, 21, NULL, NULL, '2022-04-26 09:12:42', 0),
(773, 21, NULL, NULL, '2022-04-26 09:12:42', 0),
(774, 6, NULL, NULL, '2022-04-26 09:12:42', 0),
(775, 23, NULL, NULL, '2022-04-26 09:12:42', 0),
(776, 23, NULL, NULL, '2022-04-26 09:12:42', 0),
(777, 6, NULL, NULL, '2022-04-26 09:12:43', 0),
(778, 6, NULL, NULL, '2022-04-26 09:12:43', 0),
(779, 23, NULL, NULL, '2022-04-26 09:12:43', 0),
(780, 24, NULL, NULL, '2022-04-26 09:12:43', 0),
(781, 23, NULL, NULL, '2022-04-26 09:12:43', 0),
(782, 24, NULL, NULL, '2022-04-26 09:12:43', 0),
(783, 23, NULL, NULL, '2022-04-26 09:12:43', 0),
(784, 24, NULL, NULL, '2022-04-26 09:12:44', 0),
(785, 23, NULL, NULL, '2022-04-26 09:12:44', 0),
(786, 21, NULL, NULL, '2022-04-26 09:12:44', 0),
(787, 7, NULL, NULL, '2022-04-26 09:12:44', 0),
(788, 21, NULL, NULL, '2022-04-26 09:12:44', 0),
(789, 6, NULL, NULL, '2022-04-26 09:13:32', 0),
(790, 6, NULL, NULL, '2022-04-26 09:13:32', 0),
(791, 21, NULL, NULL, '2022-04-26 09:13:32', 0),
(792, 21, NULL, NULL, '2022-04-26 09:13:32', 0),
(793, 21, NULL, NULL, '2022-04-26 09:13:32', 0),
(794, 21, NULL, NULL, '2022-04-26 09:13:33', 0),
(795, 6, NULL, NULL, '2022-04-26 09:13:33', 0),
(796, 23, NULL, NULL, '2022-04-26 09:13:33', 0),
(797, 23, NULL, NULL, '2022-04-26 09:13:33', 0),
(798, 6, NULL, NULL, '2022-04-26 09:13:33', 0),
(799, 6, NULL, NULL, '2022-04-26 09:13:33', 0),
(800, 23, NULL, NULL, '2022-04-26 09:13:34', 0),
(801, 24, NULL, NULL, '2022-04-26 09:13:34', 0),
(802, 23, NULL, NULL, '2022-04-26 09:13:34', 0),
(803, 24, NULL, NULL, '2022-04-26 09:13:34', 0),
(804, 23, NULL, NULL, '2022-04-26 09:13:34', 0),
(805, 24, NULL, NULL, '2022-04-26 09:13:34', 0),
(806, 23, NULL, NULL, '2022-04-26 09:13:35', 0),
(807, 21, NULL, NULL, '2022-04-26 09:13:35', 0),
(808, 7, NULL, NULL, '2022-04-26 09:13:35', 0),
(809, 21, NULL, NULL, '2022-04-26 09:13:35', 0),
(810, 6, NULL, NULL, '2022-04-26 09:14:21', 0),
(811, 6, NULL, NULL, '2022-04-26 09:14:21', 0),
(812, 21, NULL, NULL, '2022-04-26 09:14:21', 0),
(813, 21, NULL, NULL, '2022-04-26 09:14:21', 0),
(814, 21, NULL, NULL, '2022-04-26 09:14:21', 0),
(815, 21, NULL, NULL, '2022-04-26 09:14:22', 0),
(816, 6, NULL, NULL, '2022-04-26 09:14:22', 0),
(817, 23, NULL, NULL, '2022-04-26 09:14:22', 0),
(818, 23, NULL, NULL, '2022-04-26 09:14:22', 0),
(819, 6, NULL, NULL, '2022-04-26 09:14:22', 0),
(820, 6, NULL, NULL, '2022-04-26 09:14:23', 0),
(821, 23, NULL, NULL, '2022-04-26 09:14:23', 0),
(822, 24, NULL, NULL, '2022-04-26 09:14:23', 0),
(823, 23, NULL, NULL, '2022-04-26 09:14:23', 0),
(824, 24, NULL, NULL, '2022-04-26 09:14:23', 0),
(825, 23, NULL, NULL, '2022-04-26 09:14:23', 0),
(826, 24, NULL, NULL, '2022-04-26 09:14:23', 0),
(827, 23, NULL, NULL, '2022-04-26 09:14:24', 0),
(828, 21, NULL, NULL, '2022-04-26 09:14:24', 0),
(829, 7, NULL, NULL, '2022-04-26 09:14:24', 0),
(830, 21, NULL, NULL, '2022-04-26 09:14:24', 0),
(831, 6, NULL, NULL, '2022-04-26 09:25:20', 0),
(832, 6, NULL, NULL, '2022-04-26 09:25:20', 0),
(833, 21, NULL, NULL, '2022-04-26 09:25:20', 0),
(834, 21, NULL, NULL, '2022-04-26 09:25:20', 0),
(835, 21, NULL, NULL, '2022-04-26 09:25:20', 0),
(836, 6, NULL, NULL, '2022-04-26 09:25:20', 0),
(837, 23, NULL, NULL, '2022-04-26 09:25:21', 0),
(838, 23, NULL, NULL, '2022-04-26 09:25:21', 0),
(839, 6, NULL, NULL, '2022-04-26 09:25:21', 0),
(840, 6, NULL, NULL, '2022-04-26 09:25:21', 0),
(841, 23, NULL, NULL, '2022-04-26 09:25:21', 0),
(842, 24, NULL, NULL, '2022-04-26 09:25:21', 0),
(843, 23, NULL, NULL, '2022-04-26 09:25:22', 0),
(844, 24, NULL, NULL, '2022-04-26 09:25:22', 0),
(845, 23, NULL, NULL, '2022-04-26 09:25:22', 0),
(846, 24, NULL, NULL, '2022-04-26 09:25:22', 0),
(847, 23, NULL, NULL, '2022-04-26 09:25:22', 0),
(848, 21, NULL, NULL, '2022-04-26 09:25:22', 0),
(849, 7, NULL, NULL, '2022-04-26 09:25:23', 0),
(850, 21, NULL, NULL, '2022-04-26 09:25:23', 0),
(851, 6, NULL, NULL, '2022-04-26 09:27:01', 0),
(852, 6, NULL, NULL, '2022-04-26 09:27:01', 0),
(853, 21, NULL, NULL, '2022-04-26 09:27:01', 0),
(854, 21, NULL, NULL, '2022-04-26 09:27:01', 0),
(855, 21, NULL, NULL, '2022-04-26 09:27:02', 0),
(856, 6, NULL, NULL, '2022-04-26 09:27:02', 0),
(857, 23, NULL, NULL, '2022-04-26 09:27:02', 0),
(858, 23, NULL, NULL, '2022-04-26 09:27:02', 0),
(859, 6, NULL, NULL, '2022-04-26 09:27:02', 0),
(860, 6, NULL, NULL, '2022-04-26 09:27:02', 0),
(861, 23, NULL, NULL, '2022-04-26 09:27:03', 0),
(862, 24, NULL, NULL, '2022-04-26 09:27:03', 0),
(863, 23, NULL, NULL, '2022-04-26 09:27:03', 0),
(864, 24, NULL, NULL, '2022-04-26 09:27:03', 0),
(865, 23, NULL, NULL, '2022-04-26 09:27:03', 0),
(866, 24, NULL, NULL, '2022-04-26 09:27:03', 0),
(867, 23, NULL, NULL, '2022-04-26 09:27:04', 0),
(868, 21, NULL, NULL, '2022-04-26 09:27:04', 0),
(869, 7, NULL, NULL, '2022-04-26 09:27:04', 0),
(870, 21, NULL, NULL, '2022-04-26 09:27:04', 0),
(871, 6, NULL, NULL, '2022-04-26 09:27:56', 0),
(872, 23, NULL, NULL, '2022-04-26 09:51:00', 0),
(873, 6, NULL, NULL, '2022-04-26 09:51:27', 0),
(874, 6, NULL, NULL, '2022-04-26 09:51:27', 0),
(875, 21, NULL, NULL, '2022-04-26 09:51:27', 0),
(876, 21, NULL, NULL, '2022-04-26 09:51:27', 0),
(877, 21, NULL, NULL, '2022-04-26 09:51:27', 0),
(878, 6, NULL, NULL, '2022-04-26 09:51:28', 0),
(879, 23, NULL, NULL, '2022-04-26 09:51:28', 0),
(880, 23, NULL, NULL, '2022-04-26 09:51:28', 0),
(881, 6, NULL, NULL, '2022-04-26 09:51:28', 0),
(882, 6, NULL, NULL, '2022-04-26 09:51:28', 0),
(883, 23, NULL, NULL, '2022-04-26 09:51:29', 0),
(884, 24, NULL, NULL, '2022-04-26 09:51:29', 0),
(885, 23, NULL, NULL, '2022-04-26 09:51:29', 0),
(886, 24, NULL, NULL, '2022-04-26 09:51:29', 0),
(887, 23, NULL, NULL, '2022-04-26 09:51:29', 0),
(888, 24, NULL, NULL, '2022-04-26 09:51:29', 0),
(889, 23, NULL, NULL, '2022-04-26 09:51:29', 0),
(890, 21, NULL, NULL, '2022-04-26 09:51:30', 0),
(891, 7, NULL, NULL, '2022-04-26 09:51:30', 0),
(892, 21, NULL, NULL, '2022-04-26 09:51:30', 0),
(893, 21, NULL, NULL, '2022-04-26 09:52:51', 0),
(894, 23, NULL, NULL, '2022-04-26 09:54:16', 0),
(895, 21, NULL, NULL, '2022-04-26 09:54:58', 0),
(896, 6, NULL, NULL, '2022-04-26 09:55:12', 0),
(897, 6, NULL, NULL, '2022-04-26 09:55:13', 0),
(898, 21, NULL, NULL, '2022-04-26 09:55:13', 0),
(899, 21, NULL, NULL, '2022-04-26 09:55:13', 0),
(900, 21, NULL, NULL, '2022-04-26 09:55:13', 0),
(901, 21, NULL, NULL, '2022-04-26 09:55:13', 0),
(902, 6, NULL, NULL, '2022-04-26 09:55:13', 0),
(903, 23, NULL, NULL, '2022-04-26 09:55:14', 0),
(904, 23, NULL, NULL, '2022-04-26 09:55:14', 0),
(905, 6, NULL, NULL, '2022-04-26 09:55:14', 0),
(906, 6, NULL, NULL, '2022-04-26 09:55:14', 0),
(907, 23, NULL, NULL, '2022-04-26 09:55:14', 0),
(908, 24, NULL, NULL, '2022-04-26 09:55:14', 0),
(909, 23, NULL, NULL, '2022-04-26 09:55:15', 0),
(910, 24, NULL, NULL, '2022-04-26 09:55:15', 0),
(911, 23, NULL, NULL, '2022-04-26 09:55:15', 0),
(912, 24, NULL, NULL, '2022-04-26 09:55:15', 0),
(913, 23, NULL, NULL, '2022-04-26 09:55:15', 0),
(914, 21, NULL, NULL, '2022-04-26 09:55:15', 0),
(915, 7, NULL, NULL, '2022-04-26 09:55:16', 0),
(916, 21, NULL, NULL, '2022-04-26 09:55:16', 0),
(917, 21, NULL, NULL, '2022-04-26 09:56:00', 0),
(918, 6, NULL, NULL, '2022-04-26 09:59:23', 0),
(919, 6, NULL, NULL, '2022-04-26 09:59:23', 0),
(920, 21, NULL, NULL, '2022-04-26 09:59:23', 0),
(921, 21, NULL, NULL, '2022-04-26 09:59:23', 0),
(922, 21, NULL, NULL, '2022-04-26 09:59:24', 0),
(923, 6, NULL, NULL, '2022-04-26 09:59:24', 0),
(924, 23, NULL, NULL, '2022-04-26 09:59:24', 0),
(925, 23, NULL, NULL, '2022-04-26 09:59:24', 0),
(926, 6, NULL, NULL, '2022-04-26 09:59:24', 0),
(927, 6, NULL, NULL, '2022-04-26 09:59:24', 0),
(928, 23, NULL, NULL, '2022-04-26 09:59:25', 0),
(929, 24, NULL, NULL, '2022-04-26 09:59:25', 0),
(930, 23, NULL, NULL, '2022-04-26 09:59:25', 0),
(931, 24, NULL, NULL, '2022-04-26 09:59:25', 0),
(932, 23, NULL, NULL, '2022-04-26 09:59:25', 0),
(933, 24, NULL, NULL, '2022-04-26 09:59:25', 0),
(934, 23, NULL, NULL, '2022-04-26 09:59:26', 0),
(935, 21, NULL, NULL, '2022-04-26 09:59:26', 0),
(936, 7, NULL, NULL, '2022-04-26 09:59:26', 0),
(937, 21, NULL, NULL, '2022-04-26 09:59:26', 0),
(938, 23, NULL, NULL, '2022-04-26 10:01:53', 0),
(939, 6, NULL, NULL, '2022-04-26 10:02:51', 0),
(940, 6, NULL, NULL, '2022-04-26 10:02:51', 0),
(941, 21, NULL, NULL, '2022-04-26 10:02:51', 0),
(942, 21, NULL, NULL, '2022-04-26 10:02:52', 0),
(943, 21, NULL, NULL, '2022-04-26 10:02:52', 0),
(944, 21, NULL, NULL, '2022-04-26 10:02:52', 0),
(945, 6, NULL, NULL, '2022-04-26 10:02:52', 0),
(946, 23, NULL, NULL, '2022-04-26 10:02:52', 0),
(947, 23, NULL, NULL, '2022-04-26 10:02:52', 0),
(948, 6, NULL, NULL, '2022-04-26 10:02:53', 0),
(949, 6, NULL, NULL, '2022-04-26 10:02:53', 0),
(950, 23, NULL, NULL, '2022-04-26 10:02:53', 0),
(951, 24, NULL, NULL, '2022-04-26 10:02:53', 0),
(952, 23, NULL, NULL, '2022-04-26 10:02:53', 0),
(953, 24, NULL, NULL, '2022-04-26 10:02:53', 0),
(954, 23, NULL, NULL, '2022-04-26 10:02:54', 0),
(955, 24, NULL, NULL, '2022-04-26 10:02:54', 0),
(956, 23, NULL, NULL, '2022-04-26 10:02:54', 0),
(957, 21, NULL, NULL, '2022-04-26 10:02:54', 0),
(958, 7, NULL, NULL, '2022-04-26 10:02:54', 0),
(959, 21, NULL, NULL, '2022-04-26 10:02:55', 0),
(960, 6, NULL, NULL, '2022-04-26 10:03:46', 0),
(961, 6, NULL, NULL, '2022-04-26 10:03:46', 0),
(962, 21, NULL, NULL, '2022-04-26 10:03:46', 0),
(963, 21, NULL, NULL, '2022-04-26 10:03:46', 0),
(964, 21, NULL, NULL, '2022-04-26 10:03:47', 0),
(965, 21, NULL, NULL, '2022-04-26 10:03:47', 0),
(966, 6, NULL, NULL, '2022-04-26 10:03:47', 0),
(967, 23, NULL, NULL, '2022-04-26 10:03:47', 0),
(968, 23, NULL, NULL, '2022-04-26 10:03:47', 0),
(969, 6, NULL, NULL, '2022-04-26 10:03:47', 0),
(970, 6, NULL, NULL, '2022-04-26 10:03:48', 0),
(971, 23, NULL, NULL, '2022-04-26 10:03:48', 0),
(972, 24, NULL, NULL, '2022-04-26 10:03:48', 0),
(973, 23, NULL, NULL, '2022-04-26 10:03:48', 0),
(974, 24, NULL, NULL, '2022-04-26 10:03:48', 0),
(975, 23, NULL, NULL, '2022-04-26 10:03:48', 0),
(976, 24, NULL, NULL, '2022-04-26 10:03:49', 0),
(977, 23, NULL, NULL, '2022-04-26 10:03:49', 0),
(978, 21, NULL, NULL, '2022-04-26 10:03:49', 0),
(979, 7, NULL, NULL, '2022-04-26 10:03:49', 0),
(980, 21, NULL, NULL, '2022-04-26 10:03:49', 0),
(981, 6, NULL, NULL, '2022-04-26 10:04:11', 0),
(982, 6, NULL, NULL, '2022-04-26 10:04:11', 0),
(983, 21, NULL, NULL, '2022-04-26 10:04:11', 0),
(984, 21, NULL, NULL, '2022-04-26 10:04:11', 0),
(985, 21, NULL, NULL, '2022-04-26 10:04:11', 0),
(986, 6, NULL, NULL, '2022-04-26 10:04:12', 0),
(987, 23, NULL, NULL, '2022-04-26 10:04:12', 0),
(988, 23, NULL, NULL, '2022-04-26 10:04:12', 0),
(989, 6, NULL, NULL, '2022-04-26 10:04:12', 0),
(990, 6, NULL, NULL, '2022-04-26 10:04:12', 0),
(991, 23, NULL, NULL, '2022-04-26 10:04:12', 0),
(992, 24, NULL, NULL, '2022-04-26 10:04:13', 0),
(993, 23, NULL, NULL, '2022-04-26 10:04:13', 0),
(994, 24, NULL, NULL, '2022-04-26 10:04:13', 0),
(995, 23, NULL, NULL, '2022-04-26 10:04:13', 0),
(996, 24, NULL, NULL, '2022-04-26 10:04:13', 0),
(997, 23, NULL, NULL, '2022-04-26 10:04:13', 0),
(998, 21, NULL, NULL, '2022-04-26 10:04:14', 0),
(999, 7, NULL, NULL, '2022-04-26 10:04:14', 0),
(1000, 21, NULL, NULL, '2022-04-26 10:04:14', 0),
(1001, 6, NULL, NULL, '2022-04-26 10:04:53', 0),
(1002, 6, NULL, NULL, '2022-04-26 10:04:53', 0),
(1003, 21, NULL, NULL, '2022-04-26 10:04:54', 0),
(1004, 21, NULL, NULL, '2022-04-26 10:04:54', 0),
(1005, 21, NULL, NULL, '2022-04-26 10:04:54', 0),
(1006, 21, NULL, NULL, '2022-04-26 10:04:54', 0),
(1007, 6, NULL, NULL, '2022-04-26 10:04:54', 0),
(1008, 23, NULL, NULL, '2022-04-26 10:04:54', 0),
(1009, 23, NULL, NULL, '2022-04-26 10:04:55', 0),
(1010, 6, NULL, NULL, '2022-04-26 10:04:55', 0),
(1011, 6, NULL, NULL, '2022-04-26 10:04:55', 0),
(1012, 23, NULL, NULL, '2022-04-26 10:04:55', 0),
(1013, 24, NULL, NULL, '2022-04-26 10:04:55', 0),
(1014, 23, NULL, NULL, '2022-04-26 10:04:55', 0),
(1015, 24, NULL, NULL, '2022-04-26 10:04:56', 0),
(1016, 23, NULL, NULL, '2022-04-26 10:04:56', 0),
(1017, 24, NULL, NULL, '2022-04-26 10:04:56', 0),
(1018, 23, NULL, NULL, '2022-04-26 10:04:56', 0),
(1019, 21, NULL, NULL, '2022-04-26 10:04:56', 0),
(1020, 7, NULL, NULL, '2022-04-26 10:04:56', 0),
(1021, 21, NULL, NULL, '2022-04-26 10:04:57', 0),
(1022, 6, NULL, NULL, '2022-04-26 10:05:28', 0),
(1023, 6, NULL, NULL, '2022-04-26 10:05:28', 0),
(1024, 21, NULL, NULL, '2022-04-26 10:05:28', 0),
(1025, 21, NULL, NULL, '2022-04-26 10:05:28', 0),
(1026, 21, NULL, NULL, '2022-04-26 10:05:28', 0),
(1027, 21, NULL, NULL, '2022-04-26 10:05:29', 0),
(1028, 6, NULL, NULL, '2022-04-26 10:05:29', 0),
(1029, 23, NULL, NULL, '2022-04-26 10:05:29', 0),
(1030, 23, NULL, NULL, '2022-04-26 10:05:29', 0),
(1031, 6, NULL, NULL, '2022-04-26 10:05:29', 0),
(1032, 6, NULL, NULL, '2022-04-26 10:05:29', 0),
(1033, 23, NULL, NULL, '2022-04-26 10:05:30', 0),
(1034, 24, NULL, NULL, '2022-04-26 10:05:30', 0),
(1035, 23, NULL, NULL, '2022-04-26 10:05:30', 0),
(1036, 24, NULL, NULL, '2022-04-26 10:05:30', 0),
(1037, 23, NULL, NULL, '2022-04-26 10:05:30', 0),
(1038, 24, NULL, NULL, '2022-04-26 10:05:31', 0),
(1039, 23, NULL, NULL, '2022-04-26 10:05:31', 0),
(1040, 21, NULL, NULL, '2022-04-26 10:05:31', 0),
(1041, 7, NULL, NULL, '2022-04-26 10:05:31', 0),
(1042, 21, NULL, NULL, '2022-04-26 10:05:31', 0),
(1043, 6, NULL, NULL, '2022-04-26 10:05:37', 0),
(1044, 6, NULL, NULL, '2022-04-26 10:05:38', 0),
(1045, 21, NULL, NULL, '2022-04-26 10:05:38', 0),
(1046, 21, NULL, NULL, '2022-04-26 10:05:38', 0),
(1047, 21, NULL, NULL, '2022-04-26 10:05:38', 0),
(1048, 6, NULL, NULL, '2022-04-26 10:05:38', 0),
(1049, 23, NULL, NULL, '2022-04-26 10:05:38', 0),
(1050, 23, NULL, NULL, '2022-04-26 10:05:39', 0),
(1051, 6, NULL, NULL, '2022-04-26 10:05:39', 0),
(1052, 6, NULL, NULL, '2022-04-26 10:05:39', 0),
(1053, 23, NULL, NULL, '2022-04-26 10:05:39', 0),
(1054, 24, NULL, NULL, '2022-04-26 10:05:39', 0),
(1055, 23, NULL, NULL, '2022-04-26 10:05:39', 0),
(1056, 24, NULL, NULL, '2022-04-26 10:05:40', 0),
(1057, 23, NULL, NULL, '2022-04-26 10:05:40', 0),
(1058, 24, NULL, NULL, '2022-04-26 10:05:40', 0),
(1059, 23, NULL, NULL, '2022-04-26 10:05:40', 0),
(1060, 21, NULL, NULL, '2022-04-26 10:05:40', 0),
(1061, 7, NULL, NULL, '2022-04-26 10:05:40', 0),
(1062, 21, NULL, NULL, '2022-04-26 10:05:41', 0),
(1063, 6, NULL, NULL, '2022-04-26 10:06:54', 0),
(1064, 6, NULL, NULL, '2022-04-26 10:06:54', 0),
(1065, 21, NULL, NULL, '2022-04-26 10:06:54', 0),
(1066, 21, NULL, NULL, '2022-04-26 10:06:54', 0),
(1067, 21, NULL, NULL, '2022-04-26 10:06:54', 0),
(1068, 6, NULL, NULL, '2022-04-26 10:06:55', 0),
(1069, 23, NULL, NULL, '2022-04-26 10:06:55', 0),
(1070, 23, NULL, NULL, '2022-04-26 10:06:55', 0),
(1071, 6, NULL, NULL, '2022-04-26 10:06:55', 0),
(1072, 6, NULL, NULL, '2022-04-26 10:06:55', 0),
(1073, 23, NULL, NULL, '2022-04-26 10:06:56', 0),
(1074, 24, NULL, NULL, '2022-04-26 10:06:56', 0),
(1075, 23, NULL, NULL, '2022-04-26 10:06:56', 0),
(1076, 24, NULL, NULL, '2022-04-26 10:06:56', 0),
(1077, 23, NULL, NULL, '2022-04-26 10:06:56', 0);
INSERT INTO `order` (`order_id`, `user_id`, `store_id`, `total`, `createAt`, `order_status`) VALUES
(1078, 24, NULL, NULL, '2022-04-26 10:06:56', 0),
(1079, 23, NULL, NULL, '2022-04-26 10:06:57', 0),
(1080, 21, NULL, NULL, '2022-04-26 10:06:57', 0),
(1081, 7, NULL, NULL, '2022-04-26 10:06:57', 0),
(1082, 21, NULL, NULL, '2022-04-26 10:06:57', 0),
(1083, 6, NULL, NULL, '2022-04-26 10:07:49', 0),
(1084, 6, NULL, NULL, '2022-04-26 10:07:49', 0),
(1085, 21, NULL, NULL, '2022-04-26 10:07:49', 0),
(1086, 21, NULL, NULL, '2022-04-26 10:07:49', 0),
(1087, 21, NULL, NULL, '2022-04-26 10:07:49', 0),
(1088, 6, NULL, NULL, '2022-04-26 10:07:50', 0),
(1089, 23, NULL, NULL, '2022-04-26 10:07:50', 0),
(1090, 23, NULL, NULL, '2022-04-26 10:07:50', 0),
(1091, 6, NULL, NULL, '2022-04-26 10:07:50', 0),
(1092, 6, NULL, NULL, '2022-04-26 10:07:50', 0),
(1093, 23, NULL, NULL, '2022-04-26 10:07:50', 0),
(1094, 24, NULL, NULL, '2022-04-26 10:07:51', 0),
(1095, 23, NULL, NULL, '2022-04-26 10:07:51', 0),
(1096, 24, NULL, NULL, '2022-04-26 10:07:51', 0),
(1097, 23, NULL, NULL, '2022-04-26 10:07:51', 0),
(1098, 24, NULL, NULL, '2022-04-26 10:07:51', 0),
(1099, 23, NULL, NULL, '2022-04-26 10:07:52', 0),
(1100, 21, NULL, NULL, '2022-04-26 10:07:52', 0),
(1101, 7, NULL, NULL, '2022-04-26 10:07:52', 0),
(1102, 21, NULL, NULL, '2022-04-26 10:07:52', 0),
(1103, 6, NULL, NULL, '2022-04-26 10:08:04', 0),
(1104, 6, NULL, NULL, '2022-04-26 10:08:05', 0),
(1105, 21, NULL, NULL, '2022-04-26 10:08:05', 0),
(1106, 21, NULL, NULL, '2022-04-26 10:08:05', 0),
(1107, 21, NULL, NULL, '2022-04-26 10:08:05', 0),
(1108, 6, NULL, NULL, '2022-04-26 10:08:05', 0),
(1109, 23, NULL, NULL, '2022-04-26 10:08:06', 0),
(1110, 23, NULL, NULL, '2022-04-26 10:08:06', 0),
(1111, 6, NULL, NULL, '2022-04-26 10:08:06', 0),
(1112, 6, NULL, NULL, '2022-04-26 10:08:06', 0),
(1113, 23, NULL, NULL, '2022-04-26 10:08:06', 0),
(1114, 24, NULL, NULL, '2022-04-26 10:08:06', 0),
(1115, 23, NULL, NULL, '2022-04-26 10:08:06', 0),
(1116, 24, NULL, NULL, '2022-04-26 10:08:07', 0),
(1117, 23, NULL, NULL, '2022-04-26 10:08:07', 0),
(1118, 24, NULL, NULL, '2022-04-26 10:08:07', 0),
(1119, 23, NULL, NULL, '2022-04-26 10:08:07', 0),
(1120, 21, NULL, NULL, '2022-04-26 10:08:07', 0),
(1121, 7, NULL, NULL, '2022-04-26 10:08:08', 0),
(1122, 21, NULL, NULL, '2022-04-26 10:08:08', 0),
(1123, 6, NULL, NULL, '2022-04-26 10:08:40', 0),
(1124, 6, NULL, NULL, '2022-04-26 10:08:40', 0),
(1125, 21, NULL, NULL, '2022-04-26 10:08:41', 0),
(1126, 21, NULL, NULL, '2022-04-26 10:08:41', 0),
(1127, 21, NULL, NULL, '2022-04-26 10:08:41', 0),
(1128, 21, NULL, NULL, '2022-04-26 10:08:41', 0),
(1129, 6, NULL, NULL, '2022-04-26 10:08:41', 0),
(1130, 23, NULL, NULL, '2022-04-26 10:08:41', 0),
(1131, 23, NULL, NULL, '2022-04-26 10:08:42', 0),
(1132, 6, NULL, NULL, '2022-04-26 10:08:42', 0),
(1133, 6, NULL, NULL, '2022-04-26 10:08:42', 0),
(1134, 23, NULL, NULL, '2022-04-26 10:08:42', 0),
(1135, 24, NULL, NULL, '2022-04-26 10:08:42', 0),
(1136, 23, NULL, NULL, '2022-04-26 10:08:42', 0),
(1137, 24, NULL, NULL, '2022-04-26 10:08:43', 0),
(1138, 23, NULL, NULL, '2022-04-26 10:08:43', 0),
(1139, 24, NULL, NULL, '2022-04-26 10:08:43', 0),
(1140, 23, NULL, NULL, '2022-04-26 10:08:43', 0),
(1141, 21, NULL, NULL, '2022-04-26 10:08:43', 0),
(1142, 7, NULL, NULL, '2022-04-26 10:08:44', 0),
(1143, 21, NULL, NULL, '2022-04-26 10:08:44', 0),
(1144, 6, NULL, NULL, '2022-04-26 10:09:57', 0),
(1145, 6, NULL, NULL, '2022-04-26 10:09:57', 0),
(1146, 21, NULL, NULL, '2022-04-26 10:09:58', 0),
(1147, 21, NULL, NULL, '2022-04-26 10:09:58', 0),
(1148, 21, NULL, NULL, '2022-04-26 10:09:58', 0),
(1149, 21, NULL, NULL, '2022-04-26 10:09:58', 0),
(1150, 6, NULL, NULL, '2022-04-26 10:09:58', 0),
(1151, 23, NULL, NULL, '2022-04-26 10:09:58', 0),
(1152, 23, NULL, NULL, '2022-04-26 10:09:59', 0),
(1153, 6, NULL, NULL, '2022-04-26 10:09:59', 0),
(1154, 6, NULL, NULL, '2022-04-26 10:09:59', 0),
(1155, 23, NULL, NULL, '2022-04-26 10:09:59', 0),
(1156, 24, NULL, NULL, '2022-04-26 10:09:59', 0),
(1157, 23, NULL, NULL, '2022-04-26 10:09:59', 0),
(1158, 24, NULL, NULL, '2022-04-26 10:10:00', 0),
(1159, 23, NULL, NULL, '2022-04-26 10:10:00', 0),
(1160, 24, NULL, NULL, '2022-04-26 10:10:00', 0),
(1161, 23, NULL, NULL, '2022-04-26 10:10:00', 0),
(1162, 21, NULL, NULL, '2022-04-26 10:10:00', 0),
(1163, 7, NULL, NULL, '2022-04-26 10:10:00', 0),
(1164, 21, NULL, NULL, '2022-04-26 10:10:01', 0),
(1165, 6, NULL, NULL, '2022-04-26 10:10:07', 0),
(1166, 6, NULL, NULL, '2022-04-26 10:10:07', 0),
(1167, 21, NULL, NULL, '2022-04-26 10:10:07', 0),
(1168, 21, NULL, NULL, '2022-04-26 10:10:07', 0),
(1169, 21, NULL, NULL, '2022-04-26 10:10:07', 0),
(1170, 6, NULL, NULL, '2022-04-26 10:10:08', 0),
(1171, 23, NULL, NULL, '2022-04-26 10:10:08', 0),
(1172, 23, NULL, NULL, '2022-04-26 10:10:08', 0),
(1173, 6, NULL, NULL, '2022-04-26 10:10:08', 0),
(1174, 6, NULL, NULL, '2022-04-26 10:10:08', 0),
(1175, 23, NULL, NULL, '2022-04-26 10:10:09', 0),
(1176, 24, NULL, NULL, '2022-04-26 10:10:09', 0),
(1177, 23, NULL, NULL, '2022-04-26 10:10:09', 0),
(1178, 24, NULL, NULL, '2022-04-26 10:10:09', 0),
(1179, 23, NULL, NULL, '2022-04-26 10:10:09', 0),
(1180, 24, NULL, NULL, '2022-04-26 10:10:09', 0),
(1181, 23, NULL, NULL, '2022-04-26 10:10:10', 0),
(1182, 21, NULL, NULL, '2022-04-26 10:10:10', 0),
(1183, 7, NULL, NULL, '2022-04-26 10:10:10', 0),
(1184, 21, NULL, NULL, '2022-04-26 10:10:10', 0),
(1185, 6, NULL, NULL, '2022-04-26 10:10:15', 0),
(1186, 6, NULL, NULL, '2022-04-26 10:10:15', 0),
(1187, 21, NULL, NULL, '2022-04-26 10:10:15', 0),
(1188, 21, NULL, NULL, '2022-04-26 10:10:15', 0),
(1189, 21, NULL, NULL, '2022-04-26 10:10:16', 0),
(1190, 6, NULL, NULL, '2022-04-26 10:10:16', 0),
(1191, 23, NULL, NULL, '2022-04-26 10:10:16', 0),
(1192, 23, NULL, NULL, '2022-04-26 10:10:16', 0),
(1193, 6, NULL, NULL, '2022-04-26 10:10:16', 0),
(1194, 6, NULL, NULL, '2022-04-26 10:10:16', 0),
(1195, 23, NULL, NULL, '2022-04-26 10:10:17', 0),
(1196, 24, NULL, NULL, '2022-04-26 10:10:17', 0),
(1197, 23, NULL, NULL, '2022-04-26 10:10:17', 0),
(1198, 24, NULL, NULL, '2022-04-26 10:10:17', 0),
(1199, 23, NULL, NULL, '2022-04-26 10:10:17', 0),
(1200, 24, NULL, NULL, '2022-04-26 10:10:17', 0),
(1201, 23, NULL, NULL, '2022-04-26 10:10:18', 0),
(1202, 21, NULL, NULL, '2022-04-26 10:10:18', 0),
(1203, 7, NULL, NULL, '2022-04-26 10:10:18', 0),
(1204, 21, NULL, NULL, '2022-04-26 10:10:18', 0),
(1205, 6, NULL, NULL, '2022-04-26 10:10:24', 0),
(1206, 6, NULL, NULL, '2022-04-26 10:10:24', 0),
(1207, 21, NULL, NULL, '2022-04-26 10:10:24', 0),
(1208, 21, NULL, NULL, '2022-04-26 10:10:24', 0),
(1209, 21, NULL, NULL, '2022-04-26 10:10:25', 0),
(1210, 6, NULL, NULL, '2022-04-26 10:10:25', 0),
(1211, 23, NULL, NULL, '2022-04-26 10:10:25', 0),
(1212, 23, NULL, NULL, '2022-04-26 10:10:25', 0),
(1213, 6, NULL, NULL, '2022-04-26 10:10:25', 0),
(1214, 6, NULL, NULL, '2022-04-26 10:10:26', 0),
(1215, 23, NULL, NULL, '2022-04-26 10:10:26', 0),
(1216, 24, NULL, NULL, '2022-04-26 10:10:26', 0),
(1217, 23, NULL, NULL, '2022-04-26 10:10:26', 0),
(1218, 24, NULL, NULL, '2022-04-26 10:10:26', 0),
(1219, 23, NULL, NULL, '2022-04-26 10:10:26', 0),
(1220, 24, NULL, NULL, '2022-04-26 10:10:27', 0),
(1221, 23, NULL, NULL, '2022-04-26 10:10:27', 0),
(1222, 21, NULL, NULL, '2022-04-26 10:10:27', 0),
(1223, 7, NULL, NULL, '2022-04-26 10:10:27', 0),
(1224, 21, NULL, NULL, '2022-04-26 10:10:27', 0),
(1225, 6, NULL, NULL, '2022-04-26 10:10:53', 0),
(1226, 6, NULL, NULL, '2022-04-26 10:10:53', 0),
(1227, 21, NULL, NULL, '2022-04-26 10:10:53', 0),
(1228, 21, NULL, NULL, '2022-04-26 10:10:54', 0),
(1229, 21, NULL, NULL, '2022-04-26 10:10:54', 0),
(1230, 6, NULL, NULL, '2022-04-26 10:10:54', 0),
(1231, 23, NULL, NULL, '2022-04-26 10:10:54', 0),
(1232, 23, NULL, NULL, '2022-04-26 10:10:54', 0),
(1233, 6, NULL, NULL, '2022-04-26 10:10:55', 0),
(1234, 6, NULL, NULL, '2022-04-26 10:10:55', 0),
(1235, 23, NULL, NULL, '2022-04-26 10:10:55', 0),
(1236, 24, NULL, NULL, '2022-04-26 10:10:55', 0),
(1237, 23, NULL, NULL, '2022-04-26 10:10:55', 0),
(1238, 24, NULL, NULL, '2022-04-26 10:10:55', 0),
(1239, 23, NULL, NULL, '2022-04-26 10:10:56', 0),
(1240, 24, NULL, NULL, '2022-04-26 10:10:56', 0),
(1241, 23, NULL, NULL, '2022-04-26 10:10:56', 0),
(1242, 21, NULL, NULL, '2022-04-26 10:10:56', 0),
(1243, 7, NULL, NULL, '2022-04-26 10:10:56', 0),
(1244, 21, NULL, NULL, '2022-04-26 10:10:57', 0),
(1245, 6, NULL, NULL, '2022-04-26 10:11:40', 0),
(1246, 6, NULL, NULL, '2022-04-26 10:11:40', 0),
(1247, 21, NULL, NULL, '2022-04-26 10:11:40', 0),
(1248, 21, NULL, NULL, '2022-04-26 10:11:40', 0),
(1249, 21, NULL, NULL, '2022-04-26 10:11:41', 0),
(1250, 21, NULL, NULL, '2022-04-26 10:11:41', 0),
(1251, 6, NULL, NULL, '2022-04-26 10:11:41', 0),
(1252, 23, NULL, NULL, '2022-04-26 10:11:41', 0),
(1253, 23, NULL, NULL, '2022-04-26 10:11:41', 0),
(1254, 6, NULL, NULL, '2022-04-26 10:11:42', 0),
(1255, 6, NULL, NULL, '2022-04-26 10:11:42', 0),
(1256, 23, NULL, NULL, '2022-04-26 10:11:42', 0),
(1257, 24, NULL, NULL, '2022-04-26 10:11:42', 0),
(1258, 23, NULL, NULL, '2022-04-26 10:11:42', 0),
(1259, 24, NULL, NULL, '2022-04-26 10:11:42', 0),
(1260, 23, NULL, NULL, '2022-04-26 10:11:42', 0),
(1261, 24, NULL, NULL, '2022-04-26 10:11:43', 0),
(1262, 23, NULL, NULL, '2022-04-26 10:11:43', 0),
(1263, 21, NULL, NULL, '2022-04-26 10:11:43', 0),
(1264, 7, NULL, NULL, '2022-04-26 10:11:43', 0),
(1265, 21, NULL, NULL, '2022-04-26 10:11:44', 0),
(1266, 6, NULL, NULL, '2022-04-26 10:12:47', 0),
(1267, 6, NULL, NULL, '2022-04-26 10:12:47', 0),
(1268, 21, NULL, NULL, '2022-04-26 10:12:47', 0),
(1269, 21, NULL, NULL, '2022-04-26 10:12:48', 0),
(1270, 21, NULL, NULL, '2022-04-26 10:12:48', 0),
(1271, 21, NULL, NULL, '2022-04-26 10:12:48', 0),
(1272, 6, NULL, NULL, '2022-04-26 10:12:48', 0),
(1273, 23, NULL, NULL, '2022-04-26 10:12:48', 0),
(1274, 23, NULL, NULL, '2022-04-26 10:12:49', 0),
(1275, 6, NULL, NULL, '2022-04-26 10:12:49', 0),
(1276, 6, NULL, NULL, '2022-04-26 10:12:49', 0),
(1277, 23, NULL, NULL, '2022-04-26 10:12:49', 0),
(1278, 24, NULL, NULL, '2022-04-26 10:12:49', 0),
(1279, 23, NULL, NULL, '2022-04-26 10:12:49', 0),
(1280, 24, NULL, NULL, '2022-04-26 10:12:50', 0),
(1281, 23, NULL, NULL, '2022-04-26 10:12:50', 0),
(1282, 24, NULL, NULL, '2022-04-26 10:12:50', 0),
(1283, 23, NULL, NULL, '2022-04-26 10:12:50', 0),
(1284, 21, NULL, NULL, '2022-04-26 10:12:50', 0),
(1285, 7, NULL, NULL, '2022-04-26 10:12:50', 0),
(1286, 21, NULL, NULL, '2022-04-26 10:12:51', 0),
(1287, 6, NULL, NULL, '2022-04-26 10:13:51', 0),
(1288, 6, NULL, NULL, '2022-04-26 10:13:51', 0),
(1289, 21, NULL, NULL, '2022-04-26 10:13:51', 0),
(1290, 21, NULL, NULL, '2022-04-26 10:13:51', 0),
(1291, 21, NULL, NULL, '2022-04-26 10:13:51', 0),
(1292, 6, NULL, NULL, '2022-04-26 10:13:52', 0),
(1293, 23, NULL, NULL, '2022-04-26 10:13:52', 0),
(1294, 23, NULL, NULL, '2022-04-26 10:13:52', 0),
(1295, 6, NULL, NULL, '2022-04-26 10:13:52', 0),
(1296, 6, NULL, NULL, '2022-04-26 10:13:52', 0),
(1297, 23, NULL, NULL, '2022-04-26 10:13:52', 0),
(1298, 24, NULL, NULL, '2022-04-26 10:13:53', 0),
(1299, 23, NULL, NULL, '2022-04-26 10:13:53', 0),
(1300, 24, NULL, NULL, '2022-04-26 10:13:53', 0),
(1301, 23, NULL, NULL, '2022-04-26 10:13:53', 0),
(1302, 24, NULL, NULL, '2022-04-26 10:13:53', 0),
(1303, 23, NULL, NULL, '2022-04-26 10:13:53', 0),
(1304, 21, NULL, NULL, '2022-04-26 10:13:54', 0),
(1305, 7, NULL, NULL, '2022-04-26 10:13:54', 0),
(1306, 21, NULL, NULL, '2022-04-26 10:13:54', 0),
(1307, 23, NULL, NULL, '2022-04-26 10:13:55', 0),
(1308, 6, NULL, NULL, '2022-04-26 10:14:38', 0),
(1309, 6, NULL, NULL, '2022-04-26 10:14:39', 0),
(1310, 21, NULL, NULL, '2022-04-26 10:14:39', 0),
(1311, 21, NULL, NULL, '2022-04-26 10:14:39', 0),
(1312, 21, NULL, NULL, '2022-04-26 10:14:39', 0),
(1313, 21, NULL, NULL, '2022-04-26 10:14:39', 0),
(1314, 6, NULL, NULL, '2022-04-26 10:14:39', 0),
(1315, 23, NULL, NULL, '2022-04-26 10:14:40', 0),
(1316, 23, NULL, NULL, '2022-04-26 10:14:40', 0),
(1317, 6, NULL, NULL, '2022-04-26 10:14:40', 0),
(1318, 6, NULL, NULL, '2022-04-26 10:14:40', 0),
(1319, 23, NULL, NULL, '2022-04-26 10:14:40', 0),
(1320, 24, NULL, NULL, '2022-04-26 10:14:40', 0),
(1321, 23, NULL, NULL, '2022-04-26 10:14:41', 0),
(1322, 24, NULL, NULL, '2022-04-26 10:14:41', 0),
(1323, 23, NULL, NULL, '2022-04-26 10:14:41', 0),
(1324, 24, NULL, NULL, '2022-04-26 10:14:41', 0),
(1325, 23, NULL, NULL, '2022-04-26 10:14:41', 0),
(1326, 21, NULL, NULL, '2022-04-26 10:14:41', 0),
(1327, 7, NULL, NULL, '2022-04-26 10:14:42', 0),
(1328, 21, NULL, NULL, '2022-04-26 10:14:42', 0),
(1329, 23, NULL, NULL, '2022-04-26 10:14:43', 0),
(1330, 6, NULL, NULL, '2022-04-26 10:14:55', 0),
(1331, 6, NULL, NULL, '2022-04-26 10:14:55', 0),
(1332, 21, NULL, NULL, '2022-04-26 10:14:55', 0),
(1333, 21, NULL, NULL, '2022-04-26 10:14:56', 0),
(1334, 21, NULL, NULL, '2022-04-26 10:14:56', 0),
(1335, 21, NULL, NULL, '2022-04-26 10:14:56', 0),
(1336, 6, NULL, NULL, '2022-04-26 10:14:56', 0),
(1337, 23, NULL, NULL, '2022-04-26 10:14:56', 0),
(1338, 23, NULL, NULL, '2022-04-26 10:14:57', 0),
(1339, 6, NULL, NULL, '2022-04-26 10:14:57', 0),
(1340, 6, NULL, NULL, '2022-04-26 10:14:57', 0),
(1341, 23, NULL, NULL, '2022-04-26 10:14:57', 0),
(1342, 24, NULL, NULL, '2022-04-26 10:14:57', 0),
(1343, 23, NULL, NULL, '2022-04-26 10:14:57', 0),
(1344, 24, NULL, NULL, '2022-04-26 10:14:57', 0),
(1345, 23, NULL, NULL, '2022-04-26 10:14:58', 0),
(1346, 24, NULL, NULL, '2022-04-26 10:14:58', 0),
(1347, 23, NULL, NULL, '2022-04-26 10:14:58', 0),
(1348, 21, NULL, NULL, '2022-04-26 10:14:58', 0),
(1349, 7, NULL, NULL, '2022-04-26 10:14:59', 0),
(1350, 21, NULL, NULL, '2022-04-26 10:14:59', 0),
(1351, 23, NULL, NULL, '2022-04-26 10:15:00', 0);

-- --------------------------------------------------------

--
-- Table structure for table `order_detail`
--

CREATE TABLE `order_detail` (
  `order_detail_id` int(11) NOT NULL,
  `order_id` int(11) NOT NULL,
  `product_id` int(11) NOT NULL,
  `quantity` int(11) NOT NULL DEFAULT 0,
  `unit_price` double NOT NULL,
  `price` double NOT NULL
) ENGINE=InnoDB DEFAULT CHARSET=utf8mb4;

--
-- Dumping data for table `order_detail`
--

INSERT INTO `order_detail` (`order_detail_id`, `order_id`, `product_id`, `quantity`, `unit_price`, `price`) VALUES
(114, 6, 2, 1, 3.5, 3.5),
(115, 12, 5, 2, 13.33, 26.66),
(131, 36, 2, 2, 3.5, 7),
(136, 40, 2, 2, 3.5, 7),
(265, 292, 9, 1, 16, 16);

-- --------------------------------------------------------

--
-- Table structure for table `product`
--

CREATE TABLE `product` (
  `product_id` int(11) NOT NULL,
  `store_id` int(11) NOT NULL,
  `product_name` varchar(30) NOT NULL,
  `product_image` varchar(50) DEFAULT 'blank.jpg',
  `product_availability` tinyint(4) NOT NULL DEFAULT 1 COMMENT 'product is generally available when it''s added. 0 means sold out and 1 means available',
  `product_price` double NOT NULL,
  `product_description` text NOT NULL
) ENGINE=InnoDB DEFAULT CHARSET=utf8mb4;

--
-- Dumping data for table `product`
--

INSERT INTO `product` (`product_id`, `store_id`, `product_name`, `product_image`, `product_availability`, `product_price`, `product_description`) VALUES
(2, 1, 'Strawberry cupcake', '62370d6f27ce7.jpg', 1, 3.5, 'A Strawberry cupcake!'),
(5, 3, 'Cheese Pizza ', 'cheese-pizza.jpg', 1, 13.33, 'This is a Chesse Pizza'),
(8, 3, 'Pepperoni pizza ', '62376049d61b0.jpg', 1, 16, 'This is a pepperoni Pizza'),
(9, 4, 'Poutine', '623778e2bb0d8.jpg', 1, 16, 'This a an poutine !'),
(10, 4, 'Rouge Bol', '623778d1cd398.jpg', 1, 14, 'This a Bol'),
(100, 6, 'Chocolate Cupcake', 'blank.jpg', 1, 3, '');

-- --------------------------------------------------------

--
-- Table structure for table `store`
--

CREATE TABLE `store` (
  `store_id` int(11) NOT NULL,
  `user_id` int(11) NOT NULL,
  `store_name` varchar(50) NOT NULL,
  `store_address` varchar(95) NOT NULL,
  `description` text NOT NULL
) ENGINE=InnoDB DEFAULT CHARSET=utf8mb4;

--
-- Dumping data for table `store`
--

INSERT INTO `store` (`store_id`, `user_id`, `store_name`, `store_address`, `description`) VALUES
(1, 7, 'The Jane Store', '122, Avenue something', 'This is a store for Jane'),
(3, 4, 'Pizza Store', '4843 12e avenue', ' This is a pizza place lol'),
(4, 9, 'Poulet Rouge', '4843 12e avenue', 'This is a Poulet rouge Store'),
(6, 23, 'Candy Store', '122 Your Mom', 'A store that sells candy. What a surprise ain\'t it');

-- --------------------------------------------------------

--
-- Table structure for table `user`
--

CREATE TABLE `user` (
  `user_id` int(11) NOT NULL,
  `user_type` tinyint(1) NOT NULL DEFAULT 0 COMMENT '0 is for customer and 1 is for store',
  `first_name` varchar(50) NOT NULL,
  `middle_name` varchar(50) DEFAULT NULL,
  `last_name` varchar(50) NOT NULL,
  `email` varchar(254) NOT NULL,
  `phone` varchar(30) DEFAULT NULL,
  `password_hash` varchar(63) NOT NULL,
  `picture` varchar(50) NOT NULL DEFAULT 'blank.jpg',
  `secret_key` varchar(32) DEFAULT NULL
) ENGINE=InnoDB DEFAULT CHARSET=utf8mb4;

--
-- Dumping data for table `user`
--

INSERT INTO `user` (`user_id`, `user_type`, `first_name`, `middle_name`, `last_name`, `email`, `phone`, `password_hash`, `picture`, `secret_key`) VALUES
(3, 0, 'Danich', '', 'Hang', 'test@email.com', '51445559999', '$2y$10$m940Yn2vBnKdvdlXb6tNPuv67FFYVB2H/ejRZuvfhfmRC9oUtPHqq', 'blank.jpg', NULL),
(4, 1, 'Jeremy ', '', 'Vison', 'jeremyvison@hotmail.com', '514555555555', '$2y$10$lwoxhY4Oy0O7zgyGZS5gGOfJe1QfJfM/zbzTWQT3sWnW/zYW1l/16', 'blank.jpg', NULL),
(5, 0, 'Giuliana', '', 'Bouzon', 'test@gmail.com', '', '$2y$10$WNVhD/V6S4p1xJlnBuGGwOEA9eMXIaMWuSUKfTFrKvRqV34Qku.Au', 'blank.jpg', NULL),
(6, 0, 'Test', '', 'Hat', 'test2@gmail.com', '', '$2y$10$22OmPhpZJ9qGGPIqHP5SyudHGh1duP1SOlS3IQuW9A/lJfLjqB9x.', '6266f296e0d7c.png', NULL),
(7, 1, 'Tarzan', '', 'Tarzan', 'tarzan@gmail.com', '', '$2y$10$AdsrMkKusrGe8E3j52SrGuTZc5gXGa1sHKJ4zMv4bUVVtkAfD/GAG', 'blank.jpg', 'VRO5LSJJ36PZIVZ6'),
(8, 0, 'David', '', 'H', 'David@hotmail.com', '444444444', '$2y$10$DmBcPSHFHz.IyL7wZy3Xie9awxEPXOSfzTvu2CPSpoky1nbvP7y06', 'blank.jpg', NULL),
(9, 1, 'Pizza', '', 'Owner', 'Pizza@gmail.c0m', '', '$2y$10$cI/U7cWgFMz9cYGHyCzUJexw2GVhjKjBvtd/R9C38OIQljHpBa6Dq', 'blank.jpg', NULL),
(10, 0, 'pizza', '', 'pizzA', 'PIZAAA@email.com', '', '$2y$10$tdEjyULpOjETswvFCQJ40e8tKQ5NolJyP3AAcq4e44JkwZEAyERbK', 'blank.jpg', NULL),
(12, 0, 'customer1', '', 'customer1', 'customer1@email.com', '', '$2y$10$0KRM8jHFaNrtqXq5QnThRuQPCx/fROQDKbxuL8OQLL6RE4NS.rApC', 'blank.jpg', NULL),
(15, 0, 'New user', '', 'New user', 'Newuser@gmail.com', '', '$2y$10$xNpCOY.5g99RelSvPhIbr.KPkxnyEDOpc.2mauvIJTKh7dVsTQa4e', 'blank.jpg', NULL),
(20, 0, 'Test', '', 'User', 'hello@gmail.com', '', '$2y$10$eDaJE0BFBgqfJvjeBpPJ2ebxAgXTFgBATisqkVg8QvhZkdnu4D4Ze', '', 'N26OOTLH4ECFUES5'),
(21, 0, 'Acceptance', 'Test', 'Tester', 'tester@gmail.com', '', '$2y$10$xCU7ttC8uN.sPi3HHG8t0.gpOBYf49/4RLs44.2cDU9IJcc5CLT.a', '', NULL),
(22, 0, 'User', '', 'Test', 'test45@gmail.com', '', '$2y$10$7i2ydpD0o9XbOThvAxurveRAx8MqrruGth.Jm0Rvl6Lk0G4VIm72q', '', NULL),
(23, 1, 'Bob', '', 'Dylan', 'candy@gmail.com', '', '$2y$10$Nhg4vBi/rWaGuoaRnKk0t.y8QXEwFCgcdiCKceRP8zNcBCBSNx1Km', '626760b6e8ce9.jpg', NULL),
(24, 1, 'Store', '', 'Test', 'teststore@gmail.com', '', '$2y$10$jO4oH.lX/IaJTQr9wZN/lOLSeSyWys/Vdq/qCOJMzt.ez1PJvWS2C', '', NULL);

--
-- Indexes for dumped tables
--

--
-- Indexes for table `order`
--
ALTER TABLE `order`
  ADD PRIMARY KEY (`order_id`),
  ADD KEY `order_user_fk` (`user_id`),
  ADD KEY `order_store_fk` (`store_id`);

--
-- Indexes for table `order_detail`
--
ALTER TABLE `order_detail`
  ADD PRIMARY KEY (`order_detail_id`),
  ADD UNIQUE KEY `order_id` (`order_id`,`product_id`),
  ADD KEY `order_detail_product_fk` (`product_id`);

--
-- Indexes for table `product`
--
ALTER TABLE `product`
  ADD PRIMARY KEY (`product_id`);

--
-- Indexes for table `store`
--
ALTER TABLE `store`
  ADD PRIMARY KEY (`store_id`),
  ADD UNIQUE KEY `user_id` (`user_id`),
  ADD KEY `User_Store_id` (`user_id`);

--
-- Indexes for table `user`
--
ALTER TABLE `user`
  ADD PRIMARY KEY (`user_id`),
  ADD UNIQUE KEY `user_email_unique` (`email`);

--
-- AUTO_INCREMENT for dumped tables
--

--
-- AUTO_INCREMENT for table `order`
--
ALTER TABLE `order`
  MODIFY `order_id` int(11) NOT NULL AUTO_INCREMENT, AUTO_INCREMENT=1352;

--
-- AUTO_INCREMENT for table `order_detail`
--
ALTER TABLE `order_detail`
  MODIFY `order_detail_id` int(11) NOT NULL AUTO_INCREMENT, AUTO_INCREMENT=368;

--
-- AUTO_INCREMENT for table `product`
--
ALTER TABLE `product`
  MODIFY `product_id` int(11) NOT NULL AUTO_INCREMENT, AUTO_INCREMENT=101;

--
-- AUTO_INCREMENT for table `store`
--
ALTER TABLE `store`
  MODIFY `store_id` int(11) NOT NULL AUTO_INCREMENT, AUTO_INCREMENT=83;

--
-- AUTO_INCREMENT for table `user`
--
ALTER TABLE `user`
  MODIFY `user_id` int(11) NOT NULL AUTO_INCREMENT, AUTO_INCREMENT=25;

--
-- Constraints for dumped tables
--

--
-- Constraints for table `order`
--
ALTER TABLE `order`
  ADD CONSTRAINT `order_store_fk` FOREIGN KEY (`store_id`) REFERENCES `store` (`store_id`) ON DELETE CASCADE,
  ADD CONSTRAINT `order_user_fk` FOREIGN KEY (`user_id`) REFERENCES `user` (`user_id`) ON DELETE CASCADE;

--
-- Constraints for table `order_detail`
--
ALTER TABLE `order_detail`
  ADD CONSTRAINT `order_detail_order_fk` FOREIGN KEY (`order_id`) REFERENCES `order` (`order_id`) ON DELETE CASCADE,
  ADD CONSTRAINT `order_detail_product_fk` FOREIGN KEY (`product_id`) REFERENCES `product` (`product_id`) ON DELETE CASCADE;

--
-- Constraints for table `store`
--
ALTER TABLE `store`
  ADD CONSTRAINT `User_Store_id` FOREIGN KEY (`user_id`) REFERENCES `user` (`user_id`);
COMMIT;

/*!40101 SET CHARACTER_SET_CLIENT=@OLD_CHARACTER_SET_CLIENT */;
/*!40101 SET CHARACTER_SET_RESULTS=@OLD_CHARACTER_SET_RESULTS */;
/*!40101 SET COLLATION_CONNECTION=@OLD_COLLATION_CONNECTION */;
